/* File generated automatically by the QuickJS-ng compiler. */

#include <inttypes.h>

const uint32_t qjsc_repl_size = 24202;

const uint8_t qjsc_repl[24202] = {
 0x1d, 0x9e, 0x4b, 0x6a, 0x4e, 0xb5, 0x04, 0x01,
 0x0e, 0x72, 0x65, 0x70, 0x6c, 0x2e, 0x6a, 0x73,
 0x01, 0x0e, 0x71, 0x6a, 0x73, 0x3a, 0x73, 0x74,
 0x64, 0x01, 0x0c, 0x71, 0x6a, 0x73, 0x3a, 0x6f,
 0x73, 0x01, 0x12, 0x71, 0x6a, 0x73, 0x3a, 0x62,
 0x6a, 0x73, 0x6f, 0x6e, 0x01, 0x06, 0x73, 0x74,
 0x64, 0x01, 0x04, 0x6f, 0x73, 0x01, 0x0a, 0x62,
 0x6a, 0x73, 0x6f, 0x6e, 0x01, 0x02, 0x67, 0x01,
 0x10, 0x69, 0x73, 0x46, 0x69, 0x6e, 0x69, 0x74,
 0x65, 0x01, 0x0a, 0x69, 0x73, 0x4e, 0x61, 0x4e,
 0x01, 0x10, 0x49, 0x6e, 0x66, 0x69, 0x6e, 0x69,
 0x74, 0x79, 0x01, 0x0e, 0x63, 0x6f, 0x6e, 0x73,
 0x6f, 0x6c, 0x65, 0x01, 0x10, 0x6b, 0x65, 0x79,
 0x77, 0x6f, 0x72, 0x64, 0x73, 0x01, 0x0c, 0x63,
 0x6f, 0x6c, 0x6f, 0x72, 0x73, 0x01, 0x0c, 0x74,
 0x68, 0x65, 0x6d, 0x65, 0x73, 0x01, 0x0c, 0x73,
 0x74, 0x79, 0x6c, 0x65, 0x73, 0x01, 0x08, 0x75,
 0x74, 0x66, 0x38, 0x01, 0x12, 0x73, 0x68, 0x6f,
 0x77, 0x5f, 0x74, 0x69, 0x6d, 0x65, 0x01, 0x16,
 0x73, 0x68, 0x6f, 0x77, 0x5f, 0x63, 0x6f, 0x6c,
 0x6f, 0x72, 0x73, 0x01, 0x16, 0x73, 0x68, 0x6f,
 0x77, 0x5f, 0x68, 0x69, 0x64, 0x64, 0x65, 0x6e,
 0x01, 0x14, 0x73, 0x68, 0x6f, 0x77, 0x5f, 0x64,
 0x65, 0x70, 0x74, 0x68, 0x01, 0x10, 0x68, 0x65,
 0x78, 0x5f, 0x6d, 0x6f, 0x64, 0x65, 0x01, 0x14,
 0x75, 0x73, 0x65, 0x5f, 0x73, 0x74, 0x72, 0x69,
 0x63, 0x74, 0x01, 0x0e, 0x68, 0x69, 0x73, 0x74,
 0x6f, 0x72, 0x79, 0x01, 0x1a, 0x68, 0x69, 0x73,
 0x74, 0x6f, 0x72, 0x79, 0x5f, 0x69, 0x6e, 0x64,
 0x65, 0x78, 0x01, 0x14, 0x63, 0x6c, 0x69, 0x70,
 0x5f, 0x62, 0x6f, 0x61, 0x72, 0x64, 0x01, 0x0c,
 0x70, 0x73, 0x74, 0x61, 0x74, 0x65, 0x01, 0x0c,
 0x70, 0x72, 0x6f, 0x6d, 0x70, 0x74, 0x01, 0x08,
 0x70, 0x6c, 0x65, 0x6e, 0x01, 0x06, 0x70, 0x73,
 0x31, 0x01, 0x06, 0x70, 0x73, 0x32, 0x01, 0x1e,
 0x65, 0x76, 0x61, 0x6c, 0x5f, 0x73, 0x74, 0x61,
 0x72, 0x74, 0x5f, 0x74, 0x69, 0x6d, 0x65, 0x01,
 0x12, 0x65, 0x76, 0x61, 0x6c, 0x5f, 0x74, 0x69,
 0x6d, 0x65, 0x01, 0x0a, 0x6d, 0x65, 0x78, 0x70,
 0x72, 0x01, 0x0a, 0x6c, 0x65, 0x76, 0x65, 0x6c,
 0x01, 0x06, 0x63, 0x6d, 0x64, 0x01, 0x14, 0x63,
 0x75, 0x72, 0x73, 0x6f, 0x72, 0x5f, 0x70, 0x6f,
 0x73, 0x01, 0x10, 0x6c, 0x61, 0x73, 0x74, 0x5f,
 0x63, 0x6d, 0x64, 0x01, 0x1e, 0x6c, 0x61, 0x73,
 0x74, 0x5f, 0x63, 0x75, 0x72, 0x73, 0x6f, 0x72,
 0x5f, 0x70, 0x6f, 0x73, 0x01, 0x10, 0x74, 0x68,
 0x69, 0x73, 0x5f, 0x66, 0x75, 0x6e, 0x01, 0x10,
 0x6c, 0x61, 0x73, 0x74, 0x5f, 0x66, 0x75, 0x6e,
 0x01, 0x14, 0x71, 0x75, 0x6f, 0x74, 0x65, 0x5f,
 0x66, 0x6c, 0x61, 0x67, 0x01, 0x14, 0x75, 0x74,
 0x66, 0x38, 0x5f, 0x73, 0x74, 0x61, 0x74, 0x65,
 0x01, 0x10, 0x75, 0x74, 0x66, 0x38, 0x5f, 0x76,
 0x61, 0x6c, 0x01, 0x0e, 0x74, 0x65, 0x72, 0x6d,
 0x5f, 0x66, 0x64, 0x01, 0x1a, 0x74, 0x65, 0x72,
 0x6d, 0x5f, 0x72, 0x65, 0x61, 0x64, 0x5f, 0x62,
 0x75, 0x66, 0x01, 0x14, 0x74, 0x65, 0x72, 0x6d,
 0x5f, 0x77, 0x69, 0x64, 0x74, 0x68, 0x01, 0x1a,
 0x74, 0x65, 0x72, 0x6d, 0x5f, 0x63, 0x75, 0x72,
 0x73, 0x6f, 0x72, 0x5f, 0x78, 0x01, 0x10, 0x74,
 0x65, 0x72, 0x6d, 0x49, 0x6e, 0x69, 0x74, 0x01,
 0x1c, 0x73, 0x69, 0x67, 0x69, 0x6e, 0x74, 0x5f,
 0x68, 0x61, 0x6e, 0x64, 0x6c, 0x65, 0x72, 0x01,
 0x22, 0x74, 0x65, 0x72, 0x6d, 0x5f, 0x72, 0x65,
 0x61, 0x64, 0x5f, 0x68, 0x61, 0x6e, 0x64, 0x6c,
 0x65, 0x72, 0x01, 0x16, 0x68, 0x61, 0x6e, 0x64,
 0x6c, 0x65, 0x5f, 0x62, 0x79, 0x74, 0x65, 0x01,
 0x10, 0x69, 0x73, 0x5f, 0x61, 0x6c, 0x70, 0x68,
 0x61, 0x01, 0x10, 0x69, 0x73, 0x5f, 0x64, 0x69,
 0x67, 0x69, 0x74, 0x01, 0x0e, 0x69, 0x73, 0x5f,
 0x77, 0x6f, 0x72, 0x64, 0x01, 0x10, 0x69, 0x73,
 0x5f, 0x62, 0x6c, 0x61, 0x6e, 0x6b, 0x01, 0x14,
 0x75, 0x63, 0x73, 0x5f, 0x6c, 0x65, 0x6e, 0x67,
 0x74, 0x68, 0x01, 0x2a, 0x69, 0x73, 0x5f, 0x74,
 0x72, 0x61, 0x69, 0x6c, 0x69, 0x6e, 0x67, 0x5f,
 0x73, 0x75, 0x72, 0x72, 0x6f, 0x67, 0x61, 0x74,
 0x65, 0x01, 0x16, 0x69, 0x73, 0x5f, 0x62, 0x61,
 0x6c, 0x61, 0x6e, 0x63, 0x65, 0x64, 0x01, 0x20,
 0x70, 0x72, 0x69, 0x6e, 0x74, 0x5f, 0x63, 0x6f,
 0x6c, 0x6f, 0x72, 0x5f, 0x74, 0x65, 0x78, 0x74,
 0x01, 0x12, 0x70, 0x72, 0x69, 0x6e, 0x74, 0x5f,
 0x63, 0x73, 0x69, 0x01, 0x16, 0x6d, 0x6f, 0x76,
 0x65, 0x5f, 0x63, 0x75, 0x72, 0x73, 0x6f, 0x72,
 0x01, 0x0c, 0x75, 0x70, 0x64, 0x61, 0x74, 0x65,
 0x01, 0x0c, 0x69, 0x6e, 0x73, 0x65, 0x72, 0x74,
 0x01, 0x1a, 0x71, 0x75, 0x6f, 0x74, 0x65, 0x64,
 0x5f, 0x69, 0x6e, 0x73, 0x65, 0x72, 0x74, 0x01,
 0x0a, 0x61, 0x62, 0x6f, 0x72, 0x74, 0x01, 0x0a,
 0x61, 0x6c, 0x65, 0x72, 0x74, 0x01, 0x22, 0x62,
 0x65, 0x67, 0x69, 0x6e, 0x6e, 0x69, 0x6e, 0x67,
 0x5f, 0x6f, 0x66, 0x5f, 0x6c, 0x69, 0x6e, 0x65,
 0x01, 0x16, 0x65, 0x6e, 0x64, 0x5f, 0x6f, 0x66,
 0x5f, 0x6c, 0x69, 0x6e, 0x65, 0x01, 0x18, 0x66,
 0x6f, 0x72, 0x77, 0x61, 0x72, 0x64, 0x5f, 0x63,
 0x68, 0x61, 0x72, 0x01, 0x1a, 0x62, 0x61, 0x63,
 0x6b, 0x77, 0x61, 0x72, 0x64, 0x5f, 0x63, 0x68,
 0x61, 0x72, 0x01, 0x22, 0x73, 0x6b, 0x69, 0x70,
 0x5f, 0x77, 0x6f, 0x72, 0x64, 0x5f, 0x66, 0x6f,
 0x72, 0x77, 0x61, 0x72, 0x64, 0x01, 0x24, 0x73,
 0x6b, 0x69, 0x70, 0x5f, 0x77, 0x6f, 0x72, 0x64,
 0x5f, 0x62, 0x61, 0x63, 0x6b, 0x77, 0x61, 0x72,
 0x64, 0x01, 0x18, 0x66, 0x6f, 0x72, 0x77, 0x61,
 0x72, 0x64, 0x5f, 0x77, 0x6f, 0x72, 0x64, 0x01,
 0x1a, 0x62, 0x61, 0x63, 0x6b, 0x77, 0x61, 0x72,
 0x64, 0x5f, 0x77, 0x6f, 0x72, 0x64, 0x01, 0x18,
 0x63, 0x6c, 0x65, 0x61, 0x72, 0x5f, 0x73, 0x63,
 0x72, 0x65, 0x65, 0x6e, 0x01, 0x16, 0x61, 0x63,
 0x63, 0x65, 0x70, 0x74, 0x5f, 0x6c, 0x69, 0x6e,
 0x65, 0x01, 0x16, 0x68, 0x69, 0x73, 0x74, 0x6f,
 0x72, 0x79, 0x5f, 0x61, 0x64, 0x64, 0x01, 0x20,
 0x70, 0x72, 0x65, 0x76, 0x69, 0x6f, 0x75, 0x73,
 0x5f, 0x68, 0x69, 0x73, 0x74, 0x6f, 0x72, 0x79,
 0x01, 0x18, 0x6e, 0x65, 0x78, 0x74, 0x5f, 0x68,
 0x69, 0x73, 0x74, 0x6f, 0x72, 0x79, 0x01, 0x1c,
 0x68, 0x69, 0x73, 0x74, 0x6f, 0x72, 0x79, 0x5f,
 0x73, 0x65, 0x61, 0x72, 0x63, 0x68, 0x01, 0x2e,
 0x68, 0x69, 0x73, 0x74, 0x6f, 0x72, 0x79, 0x5f,
 0x73, 0x65, 0x61, 0x72, 0x63, 0x68, 0x5f, 0x62,
 0x61, 0x63, 0x6b, 0x77, 0x61, 0x72, 0x64, 0x01,
 0x2c, 0x68, 0x69, 0x73, 0x74, 0x6f, 0x72, 0x79,
 0x5f, 0x73, 0x65, 0x61, 0x72, 0x63, 0x68, 0x5f,
 0x66, 0x6f, 0x72, 0x77, 0x61, 0x72, 0x64, 0x01,
 0x1e, 0x64, 0x65, 0x6c, 0x65, 0x74, 0x65, 0x5f,
 0x63, 0x68, 0x61, 0x72, 0x5f, 0x64, 0x69, 0x72,
 0x01, 0x16, 0x64, 0x65, 0x6c, 0x65, 0x74, 0x65,
 0x5f, 0x63, 0x68, 0x61, 0x72, 0x01, 0x12, 0x63,
 0x6f, 0x6e, 0x74, 0x72, 0x6f, 0x6c, 0x5f, 0x64,
 0x01, 0x28, 0x62, 0x61, 0x63, 0x6b, 0x77, 0x61,
 0x72, 0x64, 0x5f, 0x64, 0x65, 0x6c, 0x65, 0x74,
 0x65, 0x5f, 0x63, 0x68, 0x61, 0x72, 0x01, 0x1e,
 0x74, 0x72, 0x61, 0x6e, 0x73, 0x70, 0x6f, 0x73,
 0x65, 0x5f, 0x63, 0x68, 0x61, 0x72, 0x73, 0x01,
 0x1e, 0x74, 0x72, 0x61, 0x6e, 0x73, 0x70, 0x6f,
 0x73, 0x65, 0x5f, 0x77, 0x6f, 0x72, 0x64, 0x73,
 0x01, 0x16, 0x75, 0x70, 0x63, 0x61, 0x73, 0x65,
 0x5f, 0x77, 0x6f, 0x72, 0x64, 0x01, 0x1a, 0x64,
 0x6f, 0x77, 0x6e, 0x63, 0x61, 0x73, 0x65, 0x5f,
 0x77, 0x6f, 0x72, 0x64, 0x01, 0x16, 0x6b, 0x69,
 0x6c, 0x6c, 0x5f, 0x72, 0x65, 0x67, 0x69, 0x6f,
 0x6e, 0x01, 0x12, 0x6b, 0x69, 0x6c, 0x6c, 0x5f,
 0x6c, 0x69, 0x6e, 0x65, 0x01, 0x24, 0x62, 0x61,
 0x63, 0x6b, 0x77, 0x61, 0x72, 0x64, 0x5f, 0x6b,
 0x69, 0x6c, 0x6c, 0x5f, 0x6c, 0x69, 0x6e, 0x65,
 0x01, 0x12, 0x6b, 0x69, 0x6c, 0x6c, 0x5f, 0x77,
 0x6f, 0x72, 0x64, 0x01, 0x24, 0x62, 0x61, 0x63,
 0x6b, 0x77, 0x61, 0x72, 0x64, 0x5f, 0x6b, 0x69,
 0x6c, 0x6c, 0x5f, 0x77, 0x6f, 0x72, 0x64, 0x01,
 0x08, 0x79, 0x61, 0x6e, 0x6b, 0x01, 0x12, 0x63,
 0x6f, 0x6e, 0x74, 0x72, 0x6f, 0x6c, 0x5f, 0x63,
 0x01, 0x0a, 0x72, 0x65, 0x73, 0x65, 0x74, 0x01,
 0x22, 0x69, 0x73, 0x5f, 0x6e, 0x61, 0x6d, 0x65,
 0x64, 0x5f, 0x70, 0x72, 0x6f, 0x70, 0x65, 0x72,
 0x74, 0x79, 0x01, 0x20, 0x67, 0x65, 0x74, 0x5f,
 0x63, 0x6f, 0x6e, 0x74, 0x65, 0x78, 0x74, 0x5f,
 0x77, 0x6f, 0x72, 0x64, 0x01, 0x24, 0x67, 0x65,
 0x74, 0x5f, 0x63, 0x6f, 0x6e, 0x74, 0x65, 0x78,
 0x74, 0x5f, 0x6f, 0x62, 0x6a, 0x65, 0x63, 0x74,
 0x01, 0x1e, 0x67, 0x65, 0x74, 0x5f, 0x63, 0x6f,
 0x6d, 0x70, 0x6c, 0x65, 0x74, 0x69, 0x6f, 0x6e,
 0x73, 0x01, 0x14, 0x63, 0x6f, 0x6d, 0x70, 0x6c,
 0x65, 0x74, 0x69, 0x6f, 0x6e, 0x01, 0x10, 0x63,
 0x6f, 0x6d, 0x6d, 0x61, 0x6e, 0x64, 0x73, 0x01,
 0x0c, 0x64, 0x75, 0x70, 0x73, 0x74, 0x72, 0x01,
 0x1a, 0x72, 0x65, 0x61, 0x64, 0x6c, 0x69, 0x6e,
 0x65, 0x5f, 0x6b, 0x65, 0x79, 0x73, 0x01, 0x1c,
 0x72, 0x65, 0x61, 0x64, 0x6c, 0x69, 0x6e, 0x65,
 0x5f, 0x73, 0x74, 0x61, 0x74, 0x65, 0x01, 0x16,
 0x72, 0x65, 0x61, 0x64, 0x6c, 0x69, 0x6e, 0x65,
 0x5f, 0x63, 0x62, 0x01, 0x2a, 0x72, 0x65, 0x61,
 0x64, 0x6c, 0x69, 0x6e, 0x65, 0x5f, 0x70, 0x72,
 0x69, 0x6e, 0x74, 0x5f, 0x70, 0x72, 0x6f, 0x6d,
 0x70, 0x74, 0x01, 0x1c, 0x72, 0x65, 0x61, 0x64,
 0x6c, 0x69, 0x6e, 0x65, 0x5f, 0x73, 0x74, 0x61,
 0x72, 0x74, 0x01, 0x16, 0x68, 0x61, 0x6e, 0x64,
 0x6c, 0x65, 0x5f, 0x63, 0x68, 0x61, 0x72, 0x01,
 0x14, 0x68, 0x61, 0x6e, 0x64, 0x6c, 0x65, 0x5f,
 0x6b, 0x65, 0x79, 0x01, 0x20, 0x6e, 0x75, 0x6d,
 0x62, 0x65, 0x72, 0x5f, 0x74, 0x6f, 0x5f, 0x73,
 0x74, 0x72, 0x69, 0x6e, 0x67, 0x01, 0x20, 0x62,
 0x69, 0x67, 0x69, 0x6e, 0x74, 0x5f, 0x74, 0x6f,
 0x5f, 0x73, 0x74, 0x72, 0x69, 0x6e, 0x67, 0x01,
 0x08, 0x75, 0x74, 0x69, 0x6c, 0x01, 0x0a, 0x70,
 0x72, 0x69, 0x6e, 0x74, 0x01, 0x20, 0x68, 0x61,
 0x6e, 0x64, 0x6c, 0x65, 0x5f, 0x64, 0x69, 0x72,
 0x65, 0x63, 0x74, 0x69, 0x76, 0x65, 0x01, 0x08,
 0x68, 0x65, 0x6c, 0x70, 0x01, 0x08, 0x6c, 0x6f,
 0x61, 0x64, 0x01, 0x08, 0x65, 0x78, 0x69, 0x74,
 0x01, 0x0e, 0x74, 0x6f, 0x5f, 0x62, 0x6f, 0x6f,
 0x6c, 0x01, 0x14, 0x64, 0x69, 0x72, 0x65, 0x63,
 0x74, 0x69, 0x76, 0x65, 0x73, 0x01, 0x12, 0x63,
 0x6d, 0x64, 0x5f, 0x73, 0x74, 0x61, 0x72, 0x74,
 0x01, 0x24, 0x63, 0x6d, 0x64, 0x5f, 0x72, 0x65,
 0x61, 0x64, 0x6c, 0x69, 0x6e, 0x65, 0x5f, 0x73,
 0x74, 0x61, 0x72, 0x74, 0x01, 0x26, 0x72, 0x65,
 0x61, 0x64, 0x6c, 0x69, 0x6e, 0x65, 0x5f, 0x68,
 0x61, 0x6e, 0x64, 0x6c, 0x65, 0x5f, 0x63, 0x6d,
 0x64, 0x01, 0x14, 0x68, 0x61, 0x6e, 0x64, 0x6c,
 0x65, 0x5f, 0x63, 0x6d, 0x64, 0x01, 0x1c, 0x65,
 0x76, 0x61, 0x6c, 0x5f, 0x61, 0x6e, 0x64, 0x5f,
 0x70, 0x72, 0x69, 0x6e, 0x74, 0x01, 0x22, 0x70,
 0x72, 0x69, 0x6e, 0x74, 0x5f, 0x65, 0x76, 0x61,
 0x6c, 0x5f, 0x72, 0x65, 0x73, 0x75, 0x6c, 0x74,
 0x01, 0x20, 0x70, 0x72, 0x69, 0x6e, 0x74, 0x5f,
 0x65, 0x76, 0x61, 0x6c, 0x5f, 0x65, 0x72, 0x72,
 0x6f, 0x72, 0x01, 0x1c, 0x68, 0x61, 0x6e, 0x64,
 0x6c, 0x65, 0x5f, 0x63, 0x6d, 0x64, 0x5f, 0x65,
 0x6e, 0x64, 0x01, 0x16, 0x63, 0x6f, 0x6c, 0x6f,
 0x72, 0x69, 0x7a, 0x65, 0x5f, 0x6a, 0x73, 0x01,
 0x16, 0x63, 0x6f, 0x6e, 0x66, 0x69, 0x67, 0x5f,
 0x66, 0x69, 0x6c, 0x65, 0x01, 0x18, 0x73, 0x61,
 0x76, 0x65, 0x5f, 0x68, 0x69, 0x73, 0x74, 0x6f,
 0x72, 0x79, 0x01, 0x18, 0x6c, 0x6f, 0x61, 0x64,
 0x5f, 0x68, 0x69, 0x73, 0x74, 0x6f, 0x72, 0x79,
 0x01, 0x16, 0x6c, 0x6f, 0x61, 0x64, 0x5f, 0x63,
 0x6f, 0x6e, 0x66, 0x69, 0x67, 0x01, 0x06, 0x74,
 0x61, 0x62, 0x01, 0x0c, 0x66, 0x69, 0x6c, 0x65,
 0x6e, 0x6f, 0x01, 0x0c, 0x69, 0x73, 0x61, 0x74,
 0x74, 0x79, 0x01, 0x1a, 0x74, 0x74, 0x79, 0x47,
 0x65, 0x74, 0x57, 0x69, 0x6e, 0x53, 0x69, 0x7a,
 0x65, 0x01, 0x12, 0x74, 0x74, 0x79, 0x53, 0x65,
 0x74, 0x52, 0x61, 0x77, 0x01, 0x0c, 0x73, 0x69,
 0x67, 0x6e, 0x61, 0x6c, 0x01, 0x0c, 0x53, 0x49,
 0x47, 0x49, 0x4e, 0x54, 0x01, 0x1c, 0x73, 0x65,
 0x74, 0x52, 0x65, 0x61, 0x64, 0x48, 0x61, 0x6e,
 0x64, 0x6c, 0x65, 0x72, 0x01, 0x02, 0x6c, 0x01,
 0x02, 0x69, 0x01, 0x08, 0x72, 0x65, 0x61, 0x64,
 0x01, 0x0c, 0x62, 0x75, 0x66, 0x66, 0x65, 0x72,
 0x01, 0x02, 0x63, 0x01, 0x02, 0x41, 0x01, 0x02,
 0x5a, 0x01, 0x02, 0x61, 0x01, 0x02, 0x7a, 0x01,
 0x02, 0x5f, 0x01, 0x02, 0x24, 0x01, 0x0a, 0x09,
 0x0d, 0x0a, 0x0c, 0x0b, 0x01, 0x10, 0x69, 0x6e,
 0x63, 0x6c, 0x75, 0x64, 0x65, 0x73, 0x01, 0x06,
 0x73, 0x74, 0x72, 0x01, 0x06, 0x6c, 0x65, 0x6e,
 0x01, 0x0e, 0x73, 0x74, 0x72, 0x5f, 0x6c, 0x65,
 0x6e, 0x01, 0x14, 0x63, 0x68, 0x61, 0x72, 0x43,
 0x6f, 0x64, 0x65, 0x41, 0x74, 0x01, 0x02, 0x64,
 0x01, 0x16, 0x63, 0x6f, 0x64, 0x65, 0x50, 0x6f,
 0x69, 0x6e, 0x74, 0x41, 0x74, 0x01, 0x02, 0x62,
 0x01, 0x04, 0x28, 0x29, 0x01, 0x04, 0x5b, 0x5d,
 0x01, 0x04, 0x7b, 0x7d, 0x01, 0x0a, 0x73, 0x74,
 0x61, 0x72, 0x74, 0x01, 0x16, 0x73, 0x74, 0x79,
 0x6c, 0x65, 0x5f, 0x6e, 0x61, 0x6d, 0x65, 0x73,
 0x01, 0x02, 0x6a, 0x01, 0x0a, 0x73, 0x74, 0x79,
 0x6c, 0x65, 0x01, 0x08, 0x70, 0x75, 0x74, 0x73,
 0x01, 0x08, 0x6e, 0x6f, 0x6e, 0x65, 0x01, 0x12,
 0x73, 0x75, 0x62, 0x73, 0x74, 0x72, 0x69, 0x6e,
 0x67, 0x01, 0x02, 0x6e, 0x01, 0x08, 0x63, 0x6f,
 0x64, 0x65, 0x01, 0x04, 0x1b, 0x5b, 0x01, 0x0a,
 0x64, 0x65, 0x6c, 0x74, 0x61, 0x01, 0x02, 0x0a,
 0x01, 0x06, 0x6d, 0x69, 0x6e, 0x01, 0x02, 0x43,
 0x01, 0x02, 0x44, 0x01, 0x0e, 0x63, 0x6d, 0x64,
 0x5f, 0x6c, 0x65, 0x6e, 0x01, 0x14, 0x63, 0x6f,
 0x6c, 0x6f, 0x72, 0x73, 0x74, 0x61, 0x74, 0x65,
 0x01, 0x04, 0x20, 0x08, 0x01, 0x06, 0x1b, 0x5b,
 0x4a, 0x01, 0x06, 0x6f, 0x75, 0x74, 0x01, 0x0a,
 0x66, 0x6c, 0x75, 0x73, 0x68, 0x01, 0x0c, 0x63,
 0x68, 0x61, 0x72, 0x41, 0x74, 0x01, 0x06, 0x70,
 0x6f, 0x73, 0x01, 0x0a, 0x63, 0x6c, 0x65, 0x61,
 0x72, 0x01, 0x12, 0x74, 0x72, 0x69, 0x6d, 0x52,
 0x69, 0x67, 0x68, 0x74, 0x01, 0x08, 0x70, 0x75,
 0x73, 0x68, 0x01, 0x06, 0x64, 0x69, 0x72, 0x01,
 0x06, 0x65, 0x6e, 0x64, 0x01, 0x04, 0x70, 0x31,
 0x01, 0x04, 0x70, 0x32, 0x01, 0x04, 0x70, 0x34,
 0x01, 0x04, 0x70, 0x33, 0x01, 0x16, 0x74, 0x6f,
 0x55, 0x70, 0x70, 0x65, 0x72, 0x43, 0x61, 0x73,
 0x65, 0x01, 0x16, 0x74, 0x6f, 0x4c, 0x6f, 0x77,
 0x65, 0x72, 0x43, 0x61, 0x73, 0x65, 0x01, 0x02,
 0x73, 0x01, 0x3c, 0x0a, 0x28, 0x50, 0x72, 0x65,
 0x73, 0x73, 0x20, 0x43, 0x74, 0x72, 0x6c, 0x2d,
 0x43, 0x20, 0x61, 0x67, 0x61, 0x69, 0x6e, 0x20,
 0x74, 0x6f, 0x20, 0x71, 0x75, 0x69, 0x74, 0x29,
 0x0a, 0x01, 0x08, 0x6c, 0x69, 0x6e, 0x65, 0x01,
 0x02, 0x2e, 0x01, 0x0a, 0x73, 0x6c, 0x69, 0x63,
 0x65, 0x01, 0x08, 0x62, 0x61, 0x73, 0x65, 0x01,
 0x10, 0x62, 0x61, 0x73, 0x65, 0x5f, 0x70, 0x6f,
 0x73, 0x01, 0x06, 0x6f, 0x62, 0x6a, 0x01, 0x02,
 0x5c, 0x01, 0x12, 0x27, 0x22, 0x60, 0x40, 0x23,
 0x29, 0x5d, 0x7d, 0x5c, 0x01, 0x0e, 0x69, 0x6e,
 0x64, 0x65, 0x78, 0x4f, 0x66, 0x01, 0x02, 0x27,
 0x01, 0x02, 0x22, 0x01, 0x02, 0x60, 0x01, 0x02,
 0x5d, 0x01, 0x02, 0x2f, 0x01, 0x0a, 0x6d, 0x61,
 0x74, 0x63, 0x68, 0x01, 0x0e, 0x63, 0x74, 0x78,
 0x5f, 0x6f, 0x62, 0x6a, 0x01, 0x02, 0x72, 0x01,
 0x0a, 0x70, 0x61, 0x72, 0x65, 0x6e, 0x01, 0x04,
 0x6b, 0x77, 0x01, 0x0a, 0x70, 0x72, 0x6f, 0x70,
 0x73, 0x01, 0x08, 0x70, 0x72, 0x6f, 0x70, 0x01,
 0x0c, 0x73, 0x79, 0x6d, 0x63, 0x6d, 0x70, 0x01,
 0x14, 0x73, 0x74, 0x61, 0x72, 0x74, 0x73, 0x57,
 0x69, 0x74, 0x68, 0x01, 0x26, 0x67, 0x65, 0x74,
 0x4f, 0x77, 0x6e, 0x50, 0x72, 0x6f, 0x70, 0x65,
 0x72, 0x74, 0x79, 0x4e, 0x61, 0x6d, 0x65, 0x73,
 0x01, 0x08, 0x73, 0x6f, 0x72, 0x74, 0x01, 0x06,
 0x63, 0x74, 0x78, 0x01, 0x06, 0x72, 0x65, 0x73,
 0x01, 0x02, 0x74, 0x01, 0x12, 0x6d, 0x61, 0x78,
 0x5f, 0x77, 0x69, 0x64, 0x74, 0x68, 0x01, 0x06,
 0x63, 0x6f, 0x6c, 0x01, 0x0c, 0x6e, 0x5f, 0x63,
 0x6f, 0x6c, 0x73, 0x01, 0x06, 0x72, 0x6f, 0x77,
 0x01, 0x0c, 0x6e, 0x5f, 0x72, 0x6f, 0x77, 0x73,
 0x01, 0x02, 0x6d, 0x01, 0x02, 0x28, 0x01, 0x02,
 0x29, 0x01, 0x06, 0x6d, 0x61, 0x78, 0x01, 0x0a,
 0x66, 0x6c, 0x6f, 0x6f, 0x72, 0x01, 0x08, 0x63,
 0x65, 0x69, 0x6c, 0x01, 0x0c, 0x70, 0x61, 0x64,
 0x45, 0x6e, 0x64, 0x01, 0x0a, 0x63, 0x6f, 0x75,
 0x6e, 0x74, 0x01, 0x0c, 0x64, 0x65, 0x66, 0x73,
 0x74, 0x72, 0x01, 0x04, 0x63, 0x62, 0x01, 0x02,
 0x20, 0x01, 0x0e, 0x74, 0x6f, 0x46, 0x69, 0x78,
 0x65, 0x64, 0x01, 0x04, 0x63, 0x31, 0x01, 0x1a,
 0x66, 0x72, 0x6f, 0x6d, 0x43, 0x6f, 0x64, 0x65,
 0x50, 0x6f, 0x69, 0x6e, 0x74, 0x01, 0x02, 0x1b,
 0x01, 0x02, 0x5b, 0x01, 0x02, 0x4f, 0x01, 0x02,
 0x3b, 0x01, 0x06, 0x66, 0x75, 0x6e, 0x01, 0x0a,
 0x72, 0x61, 0x64, 0x69, 0x78, 0x01, 0x04, 0x2d,
 0x30, 0x01, 0x02, 0x2d, 0x01, 0x04, 0x30, 0x78,
 0x01, 0x06, 0x76, 0x61, 0x6c, 0x01, 0x12, 0x6d,
 0x61, 0x78, 0x5f, 0x64, 0x65, 0x70, 0x74, 0x68,
 0x01, 0x14, 0x75, 0x73, 0x65, 0x5f, 0x63, 0x6f,
 0x6c, 0x6f, 0x72, 0x73, 0x01, 0x0e, 0x6f, 0x70,
 0x74, 0x69, 0x6f, 0x6e, 0x73, 0x01, 0x16, 0x62,
 0x72, 0x65, 0x61, 0x6b, 0x4c, 0x65, 0x6e, 0x67,
 0x74, 0x68, 0x01, 0x1c, 0x6d, 0x61, 0x78, 0x41,
 0x72, 0x72, 0x61, 0x79, 0x4c, 0x65, 0x6e, 0x67,
 0x74, 0x68, 0x01, 0x1e, 0x6d, 0x61, 0x78, 0x4f,
 0x62, 0x6a, 0x65, 0x63, 0x74, 0x4c, 0x65, 0x6e,
 0x67, 0x74, 0x68, 0x01, 0x1e, 0x6d, 0x61, 0x78,
 0x53, 0x74, 0x72, 0x69, 0x6e, 0x67, 0x4c, 0x65,
 0x6e, 0x67, 0x74, 0x68, 0x01, 0x08, 0x72, 0x65,
 0x66, 0x73, 0x01, 0x0c, 0x74, 0x6f, 0x6b, 0x65,
 0x6e, 0x73, 0x01, 0x0c, 0x6f, 0x75, 0x74, 0x70,
 0x75, 0x74, 0x01, 0x14, 0x6c, 0x61, 0x73, 0x74,
 0x5f, 0x73, 0x74, 0x79, 0x6c, 0x65, 0x01, 0x12,
 0x71, 0x75, 0x6f, 0x74, 0x65, 0x5f, 0x73, 0x74,
 0x72, 0x01, 0x14, 0x70, 0x75, 0x73, 0x68, 0x5f,
 0x74, 0x6f, 0x6b, 0x65, 0x6e, 0x01, 0x18, 0x61,
 0x70, 0x70, 0x65, 0x6e, 0x64, 0x5f, 0x74, 0x6f,
 0x6b, 0x65, 0x6e, 0x01, 0x12, 0x63, 0x6c, 0x61,
 0x73, 0x73, 0x5f, 0x74, 0x61, 0x67, 0x01, 0x12,
 0x70, 0x72, 0x69, 0x6e, 0x74, 0x5f, 0x72, 0x65,
 0x63, 0x01, 0x14, 0x6f, 0x75, 0x74, 0x70, 0x75,
 0x74, 0x5f, 0x73, 0x74, 0x72, 0x01, 0x1e, 0x6f,
 0x75, 0x74, 0x70, 0x75, 0x74, 0x5f, 0x70, 0x72,
 0x6f, 0x70, 0x6e, 0x61, 0x6d, 0x65, 0x01, 0x1a,
 0x6f, 0x75, 0x74, 0x70, 0x75, 0x74, 0x5f, 0x70,
 0x72, 0x65, 0x74, 0x74, 0x79, 0x01, 0x10, 0x69,
 0x73, 0x5f, 0x62, 0x6c, 0x6f, 0x63, 0x6b, 0x01,
 0x16, 0x62, 0x6c, 0x6f, 0x63, 0x6b, 0x5f, 0x77,
 0x69, 0x64, 0x74, 0x68, 0x01, 0x1a, 0x6f, 0x75,
 0x74, 0x70, 0x75, 0x74, 0x5f, 0x73, 0x69, 0x6e,
 0x67, 0x6c, 0x65, 0x01, 0x1a, 0x6f, 0x75, 0x74,
 0x70, 0x75, 0x74, 0x5f, 0x73, 0x70, 0x61, 0x63,
 0x65, 0x73, 0x01, 0x1a, 0x6f, 0x75, 0x74, 0x70,
 0x75, 0x74, 0x5f, 0x69, 0x6e, 0x64, 0x65, 0x6e,
 0x74, 0x01, 0x06, 0x6f, 0x70, 0x74, 0x01, 0x06,
 0x64, 0x65, 0x66, 0x01, 0x12, 0x73, 0x74, 0x72,
 0x69, 0x6e, 0x67, 0x69, 0x66, 0x79, 0x01, 0x14,
 0x72, 0x65, 0x70, 0x6c, 0x61, 0x63, 0x65, 0x41,
 0x6c, 0x6c, 0x01, 0x04, 0x5c, 0x22, 0x01, 0x02,
 0x6f, 0x01, 0x08, 0x63, 0x61, 0x6c, 0x6c, 0x01,
 0x04, 0x6e, 0x30, 0x01, 0x02, 0x6b, 0x01, 0x06,
 0x6b, 0x65, 0x79, 0x01, 0x08, 0x74, 0x79, 0x70,
 0x65, 0x01, 0x0e, 0x69, 0x73, 0x61, 0x72, 0x72,
 0x61, 0x79, 0x01, 0x0e, 0x6e, 0x6f, 0x69, 0x6e,
 0x64, 0x65, 0x78, 0x01, 0x0c, 0x6e, 0x6f, 0x6b,
 0x65, 0x79, 0x73, 0x01, 0x0a, 0x62, 0x72, 0x61,
 0x63, 0x65, 0x01, 0x06, 0x73, 0x65, 0x70, 0x01,
 0x12, 0x6f, 0x62, 0x6a, 0x5f, 0x69, 0x6e, 0x64,
 0x65, 0x78, 0x01, 0x06, 0x74, 0x61, 0x67, 0x01,
 0x08, 0x63, 0x6f, 0x6e, 0x73, 0x01, 0x08, 0x64,
 0x65, 0x73, 0x63, 0x01, 0x0c, 0x66, 0x69, 0x65,
 0x6c, 0x64, 0x73, 0x01, 0x06, 0x2e, 0x2e, 0x2e,
 0x01, 0x16, 0x5b, 0x43, 0x69, 0x72, 0x63, 0x75,
 0x6c, 0x61, 0x72, 0x20, 0x2a, 0x01, 0x0a, 0x44,
 0x61, 0x74, 0x65, 0x20, 0x01, 0x16, 0x74, 0x6f,
 0x47, 0x4d, 0x54, 0x53, 0x74, 0x72, 0x69, 0x6e,
 0x67, 0x01, 0x04, 0x3a, 0x20, 0x01, 0x0e, 0x69,
 0x73, 0x41, 0x72, 0x72, 0x61, 0x79, 0x01, 0x06,
 0x29, 0x20, 0x5b, 0x01, 0x16, 0x5b, 0x46, 0x75,
 0x6e, 0x63, 0x74, 0x69, 0x6f, 0x6e, 0x3a, 0x20,
 0x01, 0x2c, 0x5b, 0x46, 0x75, 0x6e, 0x63, 0x74,
 0x69, 0x6f, 0x6e, 0x20, 0x28, 0x61, 0x6e, 0x6f,
 0x6e, 0x79, 0x6d, 0x6f, 0x75, 0x73, 0x29, 0x5d,
 0x01, 0x04, 0x20, 0x5b, 0x01, 0x06, 0x5d, 0x20,
 0x7b, 0x01, 0x26, 0x3a, 0x20, 0x6e, 0x75, 0x6c,
 0x6c, 0x20, 0x70, 0x72, 0x6f, 0x74, 0x6f, 0x74,
 0x79, 0x70, 0x65, 0x5d, 0x20, 0x7b, 0x01, 0x04,
 0x20, 0x7b, 0x01, 0x02, 0x7b, 0x01, 0x02, 0x7d,
 0x01, 0x02, 0x3c, 0x01, 0x1a, 0x20, 0x65, 0x6d,
 0x70, 0x74, 0x79, 0x20, 0x69, 0x74, 0x65, 0x6d,
 0x73, 0x3e, 0x01, 0x0e, 0x3c, 0x65, 0x6d, 0x70,
 0x74, 0x79, 0x3e, 0x01, 0x08, 0x2e, 0x2e, 0x2e,
 0x20, 0x01, 0x16, 0x20, 0x6d, 0x6f, 0x72, 0x65,
 0x20, 0x69, 0x74, 0x65, 0x6d, 0x73, 0x01, 0x02,
 0x3a, 0x01, 0x0c, 0x47, 0x65, 0x74, 0x74, 0x65,
 0x72, 0x01, 0x0c, 0x53, 0x65, 0x74, 0x74, 0x65,
 0x72, 0x01, 0x20, 0x20, 0x6d, 0x6f, 0x72, 0x65,
 0x20, 0x70, 0x72, 0x6f, 0x70, 0x65, 0x72, 0x74,
 0x69, 0x65, 0x73, 0x01, 0x06, 0x70, 0x6f, 0x70,
 0x01, 0x0c, 0x3c, 0x72, 0x65, 0x66, 0x20, 0x2a,
 0x01, 0x04, 0x3e, 0x20, 0x01, 0x0a, 0x63, 0x6f,
 0x6c, 0x6f, 0x72, 0x01, 0x10, 0x70, 0x72, 0x6f,
 0x70, 0x6e, 0x61, 0x6d, 0x65, 0x01, 0x0a, 0x63,
 0x68, 0x75, 0x6e, 0x6b, 0x01, 0x0c, 0x72, 0x65,
 0x67, 0x65, 0x78, 0x70, 0x01, 0x14, 0x61, 0x6e,
 0x6e, 0x6f, 0x74, 0x61, 0x74, 0x69, 0x6f, 0x6e,
 0x01, 0x02, 0x2c, 0x01, 0x0a, 0x6f, 0x74, 0x68,
 0x65, 0x72, 0x01, 0x08, 0x64, 0x61, 0x74, 0x65,
 0x01, 0x06, 0x4e, 0x61, 0x4e, 0x01, 0x0e, 0x6b,
 0x65, 0x79, 0x77, 0x6f, 0x72, 0x64, 0x01, 0x02,
 0x77, 0x01, 0x0a, 0x77, 0x69, 0x64, 0x74, 0x68,
 0x01, 0x0c, 0x73, 0x65, 0x70, 0x6c, 0x65, 0x6e,
 0x01, 0x08, 0x6c, 0x61, 0x73, 0x74, 0x01, 0x04,
 0x2c, 0x20, 0x01, 0x0c, 0x72, 0x65, 0x70, 0x65,
 0x61, 0x74, 0x01, 0x0c, 0x69, 0x6e, 0x64, 0x65,
 0x6e, 0x74, 0x01, 0x16, 0x61, 0x76, 0x61, 0x69,
 0x6c, 0x5f, 0x77, 0x69, 0x64, 0x74, 0x68, 0x01,
 0x0a, 0x66, 0x69, 0x72, 0x73, 0x74, 0x01, 0x08,
 0x63, 0x6f, 0x6c, 0x73, 0x01, 0x10, 0x63, 0x6f,
 0x6c, 0x77, 0x69, 0x64, 0x74, 0x68, 0x01, 0x10,
 0x65, 0x6e, 0x64, 0x73, 0x57, 0x69, 0x74, 0x68,
 0x01, 0x14, 0x73, 0x68, 0x6f, 0x77, 0x48, 0x69,
 0x64, 0x64, 0x65, 0x6e, 0x01, 0x0a, 0x64, 0x65,
 0x70, 0x74, 0x68, 0x01, 0x0e, 0x69, 0x6e, 0x73,
 0x70, 0x65, 0x63, 0x74, 0x01, 0x0e, 0x70, 0x61,
 0x72, 0x74, 0x69, 0x61, 0x6c, 0x01, 0x02, 0x70,
 0x01, 0x02, 0x3f, 0x01, 0x08, 0x74, 0x72, 0x69,
 0x6d, 0x01, 0x26, 0x55, 0x6e, 0x6b, 0x6e, 0x6f,
 0x77, 0x6e, 0x20, 0x64, 0x69, 0x72, 0x65, 0x63,
 0x74, 0x69, 0x76, 0x65, 0x3a, 0x20, 0x01, 0x06,
 0x73, 0x65, 0x6c, 0x01, 0x32, 0x2e, 0x68, 0x65,
 0x6c, 0x70, 0x20, 0x20, 0x20, 0x20, 0x70, 0x72,
 0x69, 0x6e, 0x74, 0x20, 0x74, 0x68, 0x69, 0x73,
 0x20, 0x68, 0x65, 0x6c, 0x70, 0x0a, 0x01, 0x10,
 0x2e, 0x78, 0x20, 0x20, 0x20, 0x20, 0x20, 0x20,
 0x01, 0x36, 0x68, 0x65, 0x78, 0x61, 0x64, 0x65,
 0x63, 0x69, 0x6d, 0x61, 0x6c, 0x20, 0x6e, 0x75,
 0x6d, 0x62, 0x65, 0x72, 0x20, 0x64, 0x69, 0x73,
 0x70, 0x6c, 0x61, 0x79, 0x0a, 0x01, 0x10, 0x2e,
 0x64, 0x65, 0x63, 0x20, 0x20, 0x20, 0x20, 0x01,
 0x2e, 0x64, 0x65, 0x63, 0x69, 0x6d, 0x61, 0x6c,
 0x20, 0x6e, 0x75, 0x6d, 0x62, 0x65, 0x72, 0x20,
 0x64, 0x69, 0x73, 0x70, 0x6c, 0x61, 0x79, 0x0a,
 0x01, 0x10, 0x2e, 0x74, 0x69, 0x6d, 0x65, 0x20,
 0x20, 0x20, 0x01, 0x2c, 0x74, 0x6f, 0x67, 0x67,
 0x6c, 0x65, 0x20, 0x74, 0x69, 0x6d, 0x69, 0x6e,
 0x67, 0x20, 0x64, 0x69, 0x73, 0x70, 0x6c, 0x61,
 0x79, 0x0a, 0x01, 0x10, 0x2e, 0x73, 0x74, 0x72,
 0x69, 0x63, 0x74, 0x20, 0x01, 0x3c, 0x74, 0x6f,
 0x67, 0x67, 0x6c, 0x65, 0x20, 0x73, 0x74, 0x72,
 0x69, 0x63, 0x74, 0x20, 0x6d, 0x6f, 0x64, 0x65,
 0x20, 0x65, 0x76, 0x61, 0x6c, 0x75, 0x61, 0x74,
 0x69, 0x6f, 0x6e, 0x0a, 0x01, 0x48, 0x2e, 0x64,
 0x65, 0x70, 0x74, 0x68, 0x20, 0x20, 0x20, 0x73,
 0x65, 0x74, 0x20, 0x6f, 0x62, 0x6a, 0x65, 0x63,
 0x74, 0x20, 0x64, 0x65, 0x70, 0x74, 0x68, 0x20,
 0x28, 0x63, 0x75, 0x72, 0x72, 0x65, 0x6e, 0x74,
 0x3a, 0x20, 0x01, 0x04, 0x29, 0x0a, 0x01, 0x10,
 0x2e, 0x68, 0x69, 0x64, 0x64, 0x65, 0x6e, 0x20,
 0x01, 0x42, 0x74, 0x6f, 0x67, 0x67, 0x6c, 0x65,
 0x20, 0x68, 0x69, 0x64, 0x64, 0x65, 0x6e, 0x20,
 0x70, 0x72, 0x6f, 0x70, 0x65, 0x72, 0x74, 0x69,
 0x65, 0x73, 0x20, 0x64, 0x69, 0x73, 0x70, 0x6c,
 0x61, 0x79, 0x0a, 0x01, 0x10, 0x2e, 0x63, 0x6f,
 0x6c, 0x6f, 0x72, 0x20, 0x20, 0x01, 0x2c, 0x74,
 0x6f, 0x67, 0x67, 0x6c, 0x65, 0x20, 0x63, 0x6f,
 0x6c, 0x6f, 0x72, 0x65, 0x64, 0x20, 0x6f, 0x75,
 0x74, 0x70, 0x75, 0x74, 0x0a, 0x01, 0x10, 0x2e,
 0x64, 0x61, 0x72, 0x6b, 0x20, 0x20, 0x20, 0x01,
 0x08, 0x64, 0x61, 0x72, 0x6b, 0x01, 0x30, 0x73,
 0x65, 0x6c, 0x65, 0x63, 0x74, 0x20, 0x64, 0x61,
 0x72, 0x6b, 0x20, 0x63, 0x6f, 0x6c, 0x6f, 0x72,
 0x20, 0x74, 0x68, 0x65, 0x6d, 0x65, 0x0a, 0x01,
 0x10, 0x2e, 0x6c, 0x69, 0x67, 0x68, 0x74, 0x20,
 0x20, 0x01, 0x0a, 0x6c, 0x69, 0x67, 0x68, 0x74,
 0x01, 0x32, 0x73, 0x65, 0x6c, 0x65, 0x63, 0x74,
 0x20, 0x6c, 0x69, 0x67, 0x68, 0x74, 0x20, 0x63,
 0x6f, 0x6c, 0x6f, 0x72, 0x20, 0x74, 0x68, 0x65,
 0x6d, 0x65, 0x0a, 0x01, 0x38, 0x2e, 0x63, 0x6c,
 0x65, 0x61, 0x72, 0x20, 0x20, 0x20, 0x63, 0x6c,
 0x65, 0x61, 0x72, 0x20, 0x74, 0x68, 0x65, 0x20,
 0x74, 0x65, 0x72, 0x6d, 0x69, 0x6e, 0x61, 0x6c,
 0x0a, 0x01, 0x4c, 0x2e, 0x6c, 0x6f, 0x61, 0x64,
 0x20, 0x20, 0x20, 0x20, 0x6c, 0x6f, 0x61, 0x64,
 0x20, 0x73, 0x6f, 0x75, 0x72, 0x63, 0x65, 0x20,
 0x63, 0x6f, 0x64, 0x65, 0x20, 0x66, 0x72, 0x6f,
 0x6d, 0x20, 0x61, 0x20, 0x66, 0x69, 0x6c, 0x65,
 0x0a, 0x01, 0x1c, 0x2e, 0x71, 0x75, 0x69, 0x74,
 0x20, 0x20, 0x20, 0x20, 0x65, 0x78, 0x69, 0x74,
 0x0a, 0x01, 0x02, 0x65, 0x01, 0x16, 0x6c, 0x61,
 0x73, 0x74, 0x49, 0x6e, 0x64, 0x65, 0x78, 0x4f,
 0x66, 0x01, 0x06, 0x2e, 0x6a, 0x73, 0x01, 0x14,
 0x6c, 0x6f, 0x61, 0x64, 0x53, 0x63, 0x72, 0x69,
 0x70, 0x74, 0x01, 0x1c, 0x31, 0x20, 0x74, 0x72,
 0x75, 0x65, 0x20, 0x79, 0x65, 0x73, 0x20, 0x59,
 0x65, 0x73, 0x01, 0x0c, 0x1b, 0x5b, 0x48, 0x1b,
 0x5b, 0x4a, 0x01, 0x46, 0x51, 0x75, 0x69, 0x63,
 0x6b, 0x4a, 0x53, 0x2d, 0x6e, 0x67, 0x20, 0x2d,
 0x20, 0x54, 0x79, 0x70, 0x65, 0x20, 0x22, 0x2e,
 0x68, 0x65, 0x6c, 0x70, 0x22, 0x20, 0x66, 0x6f,
 0x72, 0x20, 0x68, 0x65, 0x6c, 0x70, 0x0a, 0x01,
 0x08, 0x20, 0x20, 0x20, 0x20, 0x01, 0x08, 0x65,
 0x78, 0x70, 0x72, 0x01, 0x0c, 0x72, 0x65, 0x73,
 0x75, 0x6c, 0x74, 0x01, 0x2a, 0x22, 0x75, 0x73,
 0x65, 0x20, 0x73, 0x74, 0x72, 0x69, 0x63, 0x74,
 0x22, 0x3b, 0x20, 0x76, 0x6f, 0x69, 0x64, 0x20,
 0x30, 0x3b, 0x01, 0x06, 0x6e, 0x6f, 0x77, 0x01,
 0x14, 0x65, 0x76, 0x61, 0x6c, 0x53, 0x63, 0x72,
 0x69, 0x70, 0x74, 0x01, 0x22, 0x62, 0x61, 0x63,
 0x6b, 0x74, 0x72, 0x61, 0x63, 0x65, 0x5f, 0x62,
 0x61, 0x72, 0x72, 0x69, 0x65, 0x72, 0x01, 0x0e,
 0x54, 0x68, 0x72, 0x6f, 0x77, 0x3a, 0x20, 0x01,
 0x04, 0x67, 0x63, 0x01, 0x0a, 0x73, 0x74, 0x61,
 0x74, 0x65, 0x01, 0x0e, 0x70, 0x72, 0x69, 0x6d,
 0x61, 0x72, 0x79, 0x01, 0x12, 0x63, 0x61, 0x6e,
 0x5f, 0x72, 0x65, 0x67, 0x65, 0x78, 0x01, 0x14,
 0x70, 0x75, 0x73, 0x68, 0x5f, 0x73, 0x74, 0x61,
 0x74, 0x65, 0x01, 0x14, 0x6c, 0x61, 0x73, 0x74,
 0x5f, 0x73, 0x74, 0x61, 0x74, 0x65, 0x01, 0x12,
 0x70, 0x6f, 0x70, 0x5f, 0x73, 0x74, 0x61, 0x74,
 0x65, 0x01, 0x26, 0x70, 0x61, 0x72, 0x73, 0x65,
 0x5f, 0x62, 0x6c, 0x6f, 0x63, 0x6b, 0x5f, 0x63,
 0x6f, 0x6d, 0x6d, 0x65, 0x6e, 0x74, 0x01, 0x24,
 0x70, 0x61, 0x72, 0x73, 0x65, 0x5f, 0x6c, 0x69,
 0x6e, 0x65, 0x5f, 0x63, 0x6f, 0x6d, 0x6d, 0x65,
 0x6e, 0x74, 0x01, 0x18, 0x70, 0x61, 0x72, 0x73,
 0x65, 0x5f, 0x73, 0x74, 0x72, 0x69, 0x6e, 0x67,
 0x01, 0x16, 0x70, 0x61, 0x72, 0x73, 0x65, 0x5f,
 0x72, 0x65, 0x67, 0x65, 0x78, 0x01, 0x18, 0x70,
 0x61, 0x72, 0x73, 0x65, 0x5f, 0x6e, 0x75, 0x6d,
 0x62, 0x65, 0x72, 0x01, 0x16, 0x6a, 0x73, 0x5f,
 0x6b, 0x65, 0x79, 0x77, 0x6f, 0x72, 0x64, 0x73,
 0x01, 0x16, 0x6a, 0x73, 0x5f, 0x6e, 0x6f, 0x5f,
 0x72, 0x65, 0x67, 0x65, 0x78, 0x01, 0x10, 0x6a,
 0x73, 0x5f, 0x74, 0x79, 0x70, 0x65, 0x73, 0x01,
 0x20, 0x70, 0x61, 0x72, 0x73, 0x65, 0x5f, 0x69,
 0x64, 0x65, 0x6e, 0x74, 0x69, 0x66, 0x69, 0x65,
 0x72, 0x01, 0x12, 0x73, 0x65, 0x74, 0x5f, 0x73,
 0x74, 0x79, 0x6c, 0x65, 0x01, 0x0e, 0x63, 0x6f,
 0x6d, 0x6d, 0x65, 0x6e, 0x74, 0x01, 0x0a, 0x64,
 0x65, 0x6c, 0x69, 0x6d, 0x01, 0x04, 0x69, 0x31,
 0x01, 0x02, 0x7c, 0x01, 0x14, 0x69, 0x64, 0x65,
 0x6e, 0x74, 0x69, 0x66, 0x69, 0x65, 0x72, 0x01,
 0x04, 0x74, 0x6f, 0x01, 0x6a, 0x62, 0x72, 0x65,
 0x61, 0x6b, 0x7c, 0x63, 0x61, 0x73, 0x65, 0x7c,
 0x63, 0x61, 0x74, 0x63, 0x68, 0x7c, 0x63, 0x6f,
 0x6e, 0x74, 0x69, 0x6e, 0x75, 0x65, 0x7c, 0x64,
 0x65, 0x62, 0x75, 0x67, 0x67, 0x65, 0x72, 0x7c,
 0x64, 0x65, 0x66, 0x61, 0x75, 0x6c, 0x74, 0x7c,
 0x64, 0x65, 0x6c, 0x65, 0x74, 0x65, 0x7c, 0x64,
 0x6f, 0x7c, 0x01, 0x5e, 0x65, 0x6c, 0x73, 0x65,
 0x7c, 0x66, 0x69, 0x6e, 0x61, 0x6c, 0x6c, 0x79,
 0x7c, 0x66, 0x6f, 0x72, 0x7c, 0x66, 0x75, 0x6e,
 0x63, 0x74, 0x69, 0x6f, 0x6e, 0x7c, 0x69, 0x66,
 0x7c, 0x69, 0x6e, 0x7c, 0x69, 0x6e, 0x73, 0x74,
 0x61, 0x6e, 0x63, 0x65, 0x6f, 0x66, 0x7c, 0x6e,
 0x65, 0x77, 0x7c, 0x01, 0x5e, 0x72, 0x65, 0x74,
 0x75, 0x72, 0x6e, 0x7c, 0x73, 0x77, 0x69, 0x74,
 0x63, 0x68, 0x7c, 0x74, 0x68, 0x69, 0x73, 0x7c,
 0x74, 0x68, 0x72, 0x6f, 0x77, 0x7c, 0x74, 0x72,
 0x79, 0x7c, 0x74, 0x79, 0x70, 0x65, 0x6f, 0x66,
 0x7c, 0x77, 0x68, 0x69, 0x6c, 0x65, 0x7c, 0x77,
 0x69, 0x74, 0x68, 0x7c, 0x01, 0x5a, 0x63, 0x6c,
 0x61, 0x73, 0x73, 0x7c, 0x63, 0x6f, 0x6e, 0x73,
 0x74, 0x7c, 0x65, 0x6e, 0x75, 0x6d, 0x7c, 0x69,
 0x6d, 0x70, 0x6f, 0x72, 0x74, 0x7c, 0x65, 0x78,
 0x70, 0x6f, 0x72, 0x74, 0x7c, 0x65, 0x78, 0x74,
 0x65, 0x6e, 0x64, 0x73, 0x7c, 0x73, 0x75, 0x70,
 0x65, 0x72, 0x7c, 0x01, 0x66, 0x69, 0x6d, 0x70,
 0x6c, 0x65, 0x6d, 0x65, 0x6e, 0x74, 0x73, 0x7c,
 0x69, 0x6e, 0x74, 0x65, 0x72, 0x66, 0x61, 0x63,
 0x65, 0x7c, 0x6c, 0x65, 0x74, 0x7c, 0x70, 0x61,
 0x63, 0x6b, 0x61, 0x67, 0x65, 0x7c, 0x70, 0x72,
 0x69, 0x76, 0x61, 0x74, 0x65, 0x7c, 0x70, 0x72,
 0x6f, 0x74, 0x65, 0x63, 0x74, 0x65, 0x64, 0x7c,
 0x01, 0x28, 0x70, 0x75, 0x62, 0x6c, 0x69, 0x63,
 0x7c, 0x73, 0x74, 0x61, 0x74, 0x69, 0x63, 0x7c,
 0x79, 0x69, 0x65, 0x6c, 0x64, 0x7c, 0x01, 0x4e,
 0x75, 0x6e, 0x64, 0x65, 0x66, 0x69, 0x6e, 0x65,
 0x64, 0x7c, 0x6e, 0x75, 0x6c, 0x6c, 0x7c, 0x74,
 0x72, 0x75, 0x65, 0x7c, 0x66, 0x61, 0x6c, 0x73,
 0x65, 0x7c, 0x49, 0x6e, 0x66, 0x69, 0x6e, 0x69,
 0x74, 0x79, 0x7c, 0x4e, 0x61, 0x4e, 0x7c, 0x01,
 0x1e, 0x65, 0x76, 0x61, 0x6c, 0x7c, 0x61, 0x72,
 0x67, 0x75, 0x6d, 0x65, 0x6e, 0x74, 0x73, 0x7c,
 0x01, 0x0c, 0x61, 0x77, 0x61, 0x69, 0x74, 0x7c,
 0x01, 0x7a, 0x7c, 0x74, 0x68, 0x69, 0x73, 0x7c,
 0x73, 0x75, 0x70, 0x65, 0x72, 0x7c, 0x75, 0x6e,
 0x64, 0x65, 0x66, 0x69, 0x6e, 0x65, 0x64, 0x7c,
 0x6e, 0x75, 0x6c, 0x6c, 0x7c, 0x74, 0x72, 0x75,
 0x65, 0x7c, 0x66, 0x61, 0x6c, 0x73, 0x65, 0x7c,
 0x49, 0x6e, 0x66, 0x69, 0x6e, 0x69, 0x74, 0x79,
 0x7c, 0x4e, 0x61, 0x4e, 0x7c, 0x61, 0x72, 0x67,
 0x75, 0x6d, 0x65, 0x6e, 0x74, 0x73, 0x7c, 0x01,
 0x14, 0x7c, 0x76, 0x6f, 0x69, 0x64, 0x7c, 0x76,
 0x61, 0x72, 0x7c, 0x01, 0x02, 0x09, 0x01, 0x02,
 0x0d, 0x01, 0x02, 0x2b, 0x01, 0x1c, 0x78, 0x64,
 0x67, 0x5f, 0x73, 0x74, 0x61, 0x74, 0x65, 0x5f,
 0x68, 0x6f, 0x6d, 0x65, 0x01, 0x08, 0x68, 0x6f,
 0x6d, 0x65, 0x01, 0x0c, 0x67, 0x65, 0x74, 0x65,
 0x6e, 0x76, 0x01, 0x1c, 0x58, 0x44, 0x47, 0x5f,
 0x53, 0x54, 0x41, 0x54, 0x45, 0x5f, 0x48, 0x4f,
 0x4d, 0x45, 0x01, 0x08, 0x48, 0x4f, 0x4d, 0x45,
 0x01, 0x10, 0x70, 0x6c, 0x61, 0x74, 0x66, 0x6f,
 0x72, 0x6d, 0x01, 0x0a, 0x6c, 0x69, 0x6e, 0x75,
 0x78, 0x01, 0x1a, 0x2f, 0x2e, 0x6c, 0x6f, 0x63,
 0x61, 0x6c, 0x2f, 0x73, 0x74, 0x61, 0x74, 0x65,
 0x01, 0x08, 0x73, 0x74, 0x61, 0x74, 0x01, 0x16,
 0x55, 0x53, 0x45, 0x52, 0x50, 0x52, 0x4f, 0x46,
 0x49, 0x4c, 0x45, 0x01, 0x04, 0x2f, 0x2e, 0x01,
 0x02, 0x66, 0x01, 0x08, 0x6f, 0x70, 0x65, 0x6e,
 0x01, 0x16, 0x71, 0x6a, 0x73, 0x5f, 0x68, 0x69,
 0x73, 0x74, 0x6f, 0x72, 0x79, 0x01, 0x0a, 0x63,
 0x6c, 0x6f, 0x73, 0x65, 0x01, 0x10, 0x6c, 0x6f,
 0x61, 0x64, 0x46, 0x69, 0x6c, 0x65, 0x01, 0x12,
 0x43, 0x4f, 0x4c, 0x4f, 0x52, 0x46, 0x47, 0x42,
 0x47, 0x01, 0x10, 0x4e, 0x4f, 0x5f, 0x43, 0x4f,
 0x4c, 0x4f, 0x52, 0x01, 0x0c, 0x61, 0x77, 0x61,
 0x69, 0x74, 0x20, 0x01, 0x0e, 0x63, 0x61, 0x74,
 0x63, 0x68, 0x20, 0x28, 0x01, 0x0c, 0x63, 0x6c,
 0x61, 0x73, 0x73, 0x20, 0x01, 0x0c, 0x63, 0x6f,
 0x6e, 0x73, 0x74, 0x20, 0x01, 0x0a, 0x65, 0x6c,
 0x73, 0x65, 0x20, 0x01, 0x0e, 0x65, 0x78, 0x70,
 0x6f, 0x72, 0x74, 0x20, 0x01, 0x08, 0x66, 0x6f,
 0x72, 0x20, 0x01, 0x12, 0x66, 0x75, 0x6e, 0x63,
 0x74, 0x69, 0x6f, 0x6e, 0x20, 0x01, 0x08, 0x69,
 0x66, 0x20, 0x28, 0x01, 0x0e, 0x69, 0x6d, 0x70,
 0x6f, 0x72, 0x74, 0x20, 0x01, 0x16, 0x69, 0x6e,
 0x73, 0x74, 0x61, 0x6e, 0x63, 0x65, 0x6f, 0x66,
 0x20, 0x01, 0x08, 0x6c, 0x65, 0x74, 0x20, 0x01,
 0x08, 0x6e, 0x65, 0x77, 0x20, 0x01, 0x0c, 0x73,
 0x75, 0x70, 0x65, 0x72, 0x20, 0x01, 0x0a, 0x74,
 0x72, 0x79, 0x20, 0x7b, 0x01, 0x0e, 0x74, 0x79,
 0x70, 0x65, 0x6f, 0x66, 0x20, 0x01, 0x08, 0x76,
 0x61, 0x72, 0x20, 0x01, 0x0e, 0x77, 0x68, 0x69,
 0x6c, 0x65, 0x20, 0x28, 0x01, 0x0c, 0x79, 0x69,
 0x65, 0x6c, 0x64, 0x20, 0x01, 0x08, 0x1b, 0x5b,
 0x30, 0x6d, 0x01, 0x0a, 0x1b, 0x5b, 0x33, 0x30,
 0x6d, 0x01, 0x0a, 0x62, 0x6c, 0x61, 0x63, 0x6b,
 0x01, 0x0a, 0x1b, 0x5b, 0x33, 0x31, 0x6d, 0x01,
 0x06, 0x72, 0x65, 0x64, 0x01, 0x0a, 0x1b, 0x5b,
 0x33, 0x32, 0x6d, 0x01, 0x0a, 0x67, 0x72, 0x65,
 0x65, 0x6e, 0x01, 0x0a, 0x1b, 0x5b, 0x33, 0x33,
 0x6d, 0x01, 0x0c, 0x79, 0x65, 0x6c, 0x6c, 0x6f,
 0x77, 0x01, 0x0a, 0x1b, 0x5b, 0x33, 0x34, 0x6d,
 0x01, 0x08, 0x62, 0x6c, 0x75, 0x65, 0x01, 0x0a,
 0x1b, 0x5b, 0x33, 0x35, 0x6d, 0x01, 0x0e, 0x6d,
 0x61, 0x67, 0x65, 0x6e, 0x74, 0x61, 0x01, 0x0a,
 0x1b, 0x5b, 0x33, 0x36, 0x6d, 0x01, 0x08, 0x63,
 0x79, 0x61, 0x6e, 0x01, 0x0a, 0x1b, 0x5b, 0x33,
 0x37, 0x6d, 0x01, 0x0a, 0x77, 0x68, 0x69, 0x74,
 0x65, 0x01, 0x0e, 0x1b, 0x5b, 0x33, 0x30, 0x3b,
 0x31, 0x6d, 0x01, 0x08, 0x67, 0x72, 0x61, 0x79,
 0x01, 0x08, 0x67, 0x72, 0x65, 0x79, 0x01, 0x0e,
 0x1b, 0x5b, 0x33, 0x31, 0x3b, 0x31, 0x6d, 0x01,
 0x14, 0x62, 0x72, 0x69, 0x67, 0x68, 0x74, 0x5f,
 0x72, 0x65, 0x64, 0x01, 0x0e, 0x1b, 0x5b, 0x33,
 0x32, 0x3b, 0x31, 0x6d, 0x01, 0x18, 0x62, 0x72,
 0x69, 0x67, 0x68, 0x74, 0x5f, 0x67, 0x72, 0x65,
 0x65, 0x6e, 0x01, 0x0e, 0x1b, 0x5b, 0x33, 0x33,
 0x3b, 0x31, 0x6d, 0x01, 0x1a, 0x62, 0x72, 0x69,
 0x67, 0x68, 0x74, 0x5f, 0x79, 0x65, 0x6c, 0x6c,
 0x6f, 0x77, 0x01, 0x0e, 0x1b, 0x5b, 0x33, 0x34,
 0x3b, 0x31, 0x6d, 0x01, 0x16, 0x62, 0x72, 0x69,
 0x67, 0x68, 0x74, 0x5f, 0x62, 0x6c, 0x75, 0x65,
 0x01, 0x0e, 0x1b, 0x5b, 0x33, 0x35, 0x3b, 0x31,
 0x6d, 0x01, 0x1c, 0x62, 0x72, 0x69, 0x67, 0x68,
 0x74, 0x5f, 0x6d, 0x61, 0x67, 0x65, 0x6e, 0x74,
 0x61, 0x01, 0x0e, 0x1b, 0x5b, 0x33, 0x36, 0x3b,
 0x31, 0x6d, 0x01, 0x16, 0x62, 0x72, 0x69, 0x67,
 0x68, 0x74, 0x5f, 0x63, 0x79, 0x61, 0x6e, 0x01,
 0x0e, 0x1b, 0x5b, 0x33, 0x37, 0x3b, 0x31, 0x6d,
 0x01, 0x18, 0x62, 0x72, 0x69, 0x67, 0x68, 0x74,
 0x5f, 0x77, 0x68, 0x69, 0x74, 0x65, 0x01, 0x0c,
 0x71, 0x6a, 0x73, 0x20, 0x3e, 0x20, 0x01, 0x0c,
 0x20, 0x20, 0x2e, 0x2e, 0x2e, 0x20, 0x01, 0x02,
 0x01, 0x01, 0x02, 0x02, 0x01, 0x02, 0x03, 0x01,
 0x02, 0x04, 0x01, 0x02, 0x05, 0x01, 0x02, 0x06,
 0x01, 0x02, 0x07, 0x01, 0x02, 0x08, 0x01, 0x02,
 0x0b, 0x01, 0x02, 0x0c, 0x01, 0x02, 0x0e, 0x01,
 0x02, 0x10, 0x01, 0x02, 0x11, 0x01, 0x02, 0x12,
 0x01, 0x02, 0x13, 0x01, 0x02, 0x14, 0x01, 0x02,
 0x17, 0x01, 0x02, 0x18, 0x01, 0x02, 0x19, 0x01,
 0x06, 0x1b, 0x4f, 0x41, 0x01, 0x06, 0x1b, 0x4f,
 0x42, 0x01, 0x06, 0x1b, 0x4f, 0x43, 0x01, 0x06,
 0x1b, 0x4f, 0x44, 0x01, 0x06, 0x1b, 0x4f, 0x46,
 0x01, 0x06, 0x1b, 0x4f, 0x48, 0x01, 0x0c, 0x1b,
 0x5b, 0x31, 0x3b, 0x35, 0x43, 0x01, 0x0c, 0x1b,
 0x5b, 0x31, 0x3b, 0x35, 0x44, 0x01, 0x08, 0x1b,
 0x5b, 0x31, 0x7e, 0x01, 0x08, 0x1b, 0x5b, 0x33,
 0x7e, 0x01, 0x08, 0x1b, 0x5b, 0x34, 0x7e, 0x01,
 0x08, 0x1b, 0x5b, 0x35, 0x7e, 0x01, 0x08, 0x1b,
 0x5b, 0x36, 0x7e, 0x01, 0x06, 0x1b, 0x5b, 0x41,
 0x01, 0x06, 0x1b, 0x5b, 0x42, 0x01, 0x06, 0x1b,
 0x5b, 0x43, 0x01, 0x06, 0x1b, 0x5b, 0x44, 0x01,
 0x06, 0x1b, 0x5b, 0x46, 0x01, 0x06, 0x1b, 0x5b,
 0x48, 0x01, 0x04, 0x1b, 0x7f, 0x01, 0x04, 0x1b,
 0x62, 0x01, 0x04, 0x1b, 0x64, 0x01, 0x04, 0x1b,
 0x66, 0x01, 0x04, 0x1b, 0x6b, 0x01, 0x04, 0x1b,
 0x6c, 0x01, 0x04, 0x1b, 0x74, 0x01, 0x04, 0x1b,
 0x75, 0x01, 0x02, 0x7f, 0x01, 0x02, 0x78, 0x01,
 0x06, 0x64, 0x65, 0x63, 0x01, 0x08, 0x74, 0x69,
 0x6d, 0x65, 0x01, 0x0c, 0x73, 0x74, 0x72, 0x69,
 0x63, 0x74, 0x01, 0x0c, 0x68, 0x69, 0x64, 0x64,
 0x65, 0x6e, 0x01, 0x08, 0x71, 0x75, 0x69, 0x74,
 0x0d, 0xe4, 0x03, 0x03, 0xe6, 0x03, 0xe8, 0x03,
 0xea, 0x03, 0x00, 0x00, 0x03, 0x00, 0x8e, 0x02,
 0x00, 0x01, 0x8e, 0x02, 0x01, 0x02, 0x8e, 0x02,
 0x02, 0x00, 0x0c, 0x20, 0x02, 0x01, 0xa8, 0x01,
 0x00, 0x00, 0x00, 0x02, 0x00, 0x03, 0x01, 0x0f,
 0x00, 0xec, 0x03, 0x00, 0x1e, 0xee, 0x03, 0x01,
 0x1e, 0xf0, 0x03, 0x02, 0x1e, 0x0c, 0x43, 0x02,
 0x01, 0x00, 0x01, 0x8d, 0x01, 0x01, 0x15, 0x6c,
 0x03, 0x5e, 0xf9, 0x0d, 0x8e, 0x01, 0xf2, 0x03,
 0x00, 0x01, 0x40, 0x30, 0xbc, 0x02, 0x00, 0x00,
 0x40, 0x37, 0xc4, 0x02, 0x00, 0x01, 0x40, 0x45,
 0xc2, 0x02, 0x00, 0x02, 0x40, 0x53, 0xc6, 0x02,
 0x00, 0x03, 0x40, 0x52, 0xf8, 0x02, 0x00, 0x04,
 0x40, 0x54, 0xe2, 0x02, 0x00, 0x05, 0x40, 0x03,
 0xbe, 0x02, 0x00, 0x06, 0x40, 0x55, 0xd0, 0x02,
 0x00, 0x07, 0x40, 0x51, 0xd8, 0x02, 0x00, 0x08,
 0x40, 0x34, 0xc0, 0x02, 0x00, 0x09, 0x40, 0x69,
 0xc8, 0x02, 0x00, 0x0a, 0x00, 0xcc, 0x02, 0x00,
 0x0b, 0x40, 0x10, 0xce, 0x02, 0x00, 0x0c, 0x40,
 0x4d, 0xf4, 0x03, 0x00, 0x0d, 0x40, 0x4b, 0xf6,
 0x03, 0x00, 0x0e, 0x40, 0x32, 0xf8, 0x03, 0x00,
 0x0f, 0x40, 0x4c, 0xfa, 0x03, 0x00, 0x10, 0x00,
 0xfc, 0x03, 0x00, 0x11, 0x40, 0x36, 0xfe, 0x03,
 0x00, 0x12, 0x40, 0x0d, 0x80, 0x04, 0x00, 0x13,
 0x40, 0x5b, 0x82, 0x04, 0x00, 0x14, 0x40, 0x0e,
 0x84, 0x04, 0x00, 0x15, 0x40, 0x07, 0x86, 0x04,
 0x00, 0x16, 0x40, 0x40, 0x88, 0x04, 0x00, 0x17,
 0x40, 0x14, 0x8a, 0x04, 0x00, 0x18, 0x40, 0x58,
 0x8c, 0x04, 0x00, 0x19, 0x40, 0x57, 0x8e, 0x04,
 0x00, 0x1a, 0x40, 0x4f, 0x90, 0x04, 0x00, 0x1b,
 0x40, 0x5a, 0x92, 0x04, 0x00, 0x1c, 0x40, 0x23,
 0x94, 0x04, 0x00, 0x1d, 0x40, 0x24, 0x96, 0x04,
 0x00, 0x1e, 0x40, 0x29, 0x98, 0x04, 0x00, 0x1f,
 0x40, 0x3c, 0x9a, 0x04, 0x00, 0x20, 0x40, 0x3a,
 0x9c, 0x04, 0x00, 0x21, 0x40, 0x3e, 0x9e, 0x04,
 0x00, 0x22, 0x40, 0x42, 0xa0, 0x04, 0x00, 0x23,
 0x40, 0x3f, 0xa2, 0x04, 0x00, 0x24, 0x40, 0x64,
 0xa4, 0x04, 0x00, 0x25, 0x40, 0x41, 0xa6, 0x04,
 0x00, 0x26, 0x40, 0x18, 0xa8, 0x04, 0x00, 0x27,
 0x40, 0x5f, 0xaa, 0x04, 0x00, 0x28, 0x40, 0x12,
 0xac, 0x04, 0x00, 0x29, 0x40, 0x1b, 0xae, 0x04,
 0x00, 0x2a, 0x40, 0x13, 0xb0, 0x04, 0x00, 0x2b,
 0x40, 0x15, 0xb2, 0x04, 0x00, 0x2c, 0x40, 0x2a,
 0xb4, 0x04, 0x00, 0x2d, 0x40, 0x26, 0xb6, 0x04,
 0x00, 0x2e, 0x40, 0x1c, 0xb8, 0x04, 0x00, 0x2f,
 0x40, 0x09, 0xba, 0x04, 0x00, 0x30, 0x40, 0x0a,
 0xbc, 0x04, 0x00, 0x31, 0x40, 0x00, 0xbe, 0x04,
 0x00, 0x32, 0x40, 0x04, 0xc0, 0x04, 0x00, 0x33,
 0x40, 0x01, 0xc2, 0x04, 0x00, 0x34, 0x40, 0x0f,
 0xc4, 0x04, 0x00, 0x35, 0x00, 0xc6, 0x04, 0x00,
 0x36, 0x40, 0x02, 0xc8, 0x04, 0x00, 0x37, 0x40,
 0x05, 0xca, 0x04, 0x00, 0x38, 0x40, 0x06, 0xcc,
 0x04, 0x00, 0x39, 0x40, 0x0b, 0xce, 0x04, 0x00,
 0x3a, 0x40, 0x0c, 0xd0, 0x04, 0x00, 0x3b, 0x40,
 0x1e, 0xd2, 0x04, 0x00, 0x3c, 0x40, 0x2f, 0xd4,
 0x04, 0x00, 0x3d, 0x40, 0x17, 0xd6, 0x04, 0x00,
 0x3e, 0x40, 0x1d, 0xd8, 0x04, 0x00, 0x3f, 0x40,
 0x6a, 0xda, 0x04, 0x00, 0x40, 0x40, 0x1a, 0xdc,
 0x04, 0x00, 0x41, 0x40, 0x11, 0xde, 0x04, 0x00,
 0x42, 0x40, 0x16, 0xe0, 0x04, 0x00, 0x43, 0x40,
 0x43, 0xe2, 0x04, 0x00, 0x44, 0x40, 0x2b, 0xe4,
 0x04, 0x00, 0x45, 0x00, 0xe6, 0x04, 0x00, 0x46,
 0x00, 0xe8, 0x04, 0x00, 0x47, 0x40, 0x4a, 0xea,
 0x04, 0x00, 0x48, 0x00, 0xec, 0x04, 0x00, 0x49,
 0x00, 0xee, 0x04, 0x00, 0x4a, 0x00, 0xf0, 0x04,
 0x00, 0x4b, 0x00, 0xf2, 0x04, 0x00, 0x4c, 0x40,
 0x1f, 0xf4, 0x04, 0x00, 0x4d, 0x40, 0x20, 0xf6,
 0x04, 0x00, 0x4e, 0x00, 0xf8, 0x04, 0x00, 0x4f,
 0x00, 0xfa, 0x04, 0x00, 0x50, 0x00, 0xfc, 0x04,
 0x00, 0x51, 0x00, 0xfe, 0x04, 0x00, 0x52, 0x40,
 0x22, 0x80, 0x05, 0x00, 0x53, 0x00, 0x82, 0x05,
 0x00, 0x54, 0x00, 0x84, 0x05, 0x00, 0x55, 0x40,
 0x25, 0x86, 0x05, 0x00, 0x56, 0x00, 0x88, 0x05,
 0x00, 0x57, 0x00, 0x8a, 0x05, 0x00, 0x58, 0x40,
 0x28, 0x8c, 0x05, 0x00, 0x59, 0x00, 0x8e, 0x05,
 0x00, 0x5a, 0x00, 0x90, 0x05, 0x00, 0x5b, 0x00,
 0x92, 0x05, 0x00, 0x5c, 0x00, 0x94, 0x05, 0x00,
 0x5d, 0x00, 0x96, 0x05, 0x00, 0x5e, 0x00, 0x98,
 0x05, 0x00, 0x5f, 0x00, 0x9a, 0x05, 0x00, 0x60,
 0x40, 0x27, 0x9c, 0x05, 0x00, 0x61, 0x00, 0x9e,
 0x05, 0x00, 0x62, 0x00, 0xa0, 0x05, 0x00, 0x63,
 0x00, 0xa2, 0x05, 0x00, 0x64, 0x00, 0xa4, 0x05,
 0x00, 0x65, 0x00, 0xa6, 0x05, 0x00, 0x66, 0x40,
 0x2c, 0xa8, 0x05, 0x00, 0x67, 0x00, 0xaa, 0x05,
 0x00, 0x68, 0x40, 0x35, 0xac, 0x05, 0x00, 0x69,
 0x40, 0x31, 0xae, 0x05, 0x00, 0x6a, 0x40, 0x33,
 0xb0, 0x05, 0x00, 0x6b, 0x40, 0x38, 0xb2, 0x05,
 0x00, 0x6c, 0x40, 0x39, 0xb4, 0x05, 0x00, 0x6d,
 0x40, 0x48, 0xb6, 0x05, 0x00, 0x6e, 0x40, 0x3d,
 0xb8, 0x05, 0x00, 0x6f, 0x40, 0x46, 0xba, 0x05,
 0x00, 0x70, 0x40, 0x44, 0xbc, 0x05, 0x00, 0x71,
 0x40, 0x3b, 0xbe, 0x05, 0x00, 0x72, 0x40, 0x2e,
 0xc0, 0x05, 0x00, 0x73, 0x40, 0x5e, 0xc2, 0x05,
 0x00, 0x74, 0x40, 0x08, 0xc4, 0x05, 0x00, 0x75,
 0x40, 0x47, 0xc6, 0x05, 0x00, 0x76, 0x40, 0x4e,
 0xc8, 0x05, 0x00, 0x77, 0x40, 0x50, 0xca, 0x05,
 0x00, 0x78, 0x40, 0x56, 0xcc, 0x05, 0x00, 0x79,
 0x40, 0x67, 0xce, 0x05, 0x00, 0x7a, 0x40, 0x62,
 0xd0, 0x05, 0x00, 0x7b, 0x40, 0x59, 0xd2, 0x05,
 0x00, 0x7c, 0x00, 0xd4, 0x05, 0x00, 0x7d, 0x40,
 0x2d, 0xd6, 0x05, 0x00, 0x7e, 0x40, 0x5c, 0xd8,
 0x05, 0x00, 0x7f, 0x40, 0x21, 0xda, 0x05, 0x00,
 0x80, 0x01, 0x00, 0xdc, 0x05, 0x00, 0x81, 0x01,
 0x40, 0x5d, 0xde, 0x05, 0x00, 0x82, 0x01, 0x40,
 0x60, 0xe0, 0x05, 0x00, 0x83, 0x01, 0x40, 0x61,
 0xe2, 0x05, 0x00, 0x84, 0x01, 0x40, 0x63, 0xe4,
 0x05, 0x00, 0x85, 0x01, 0x40, 0x65, 0xe6, 0x05,
 0x00, 0x86, 0x01, 0x40, 0x66, 0xe8, 0x05, 0x00,
 0x87, 0x01, 0x40, 0x68, 0xea, 0x05, 0x00, 0x88,
 0x01, 0x40, 0x19, 0xec, 0x05, 0x00, 0x89, 0x01,
 0x40, 0x6b, 0xee, 0x05, 0x00, 0x8a, 0x01, 0x40,
 0x49, 0xf0, 0x05, 0x00, 0x8b, 0x01, 0x00, 0xf2,
 0x05, 0x00, 0x8c, 0x01, 0x00, 0xec, 0x03, 0x00,
 0x1a, 0xee, 0x03, 0x01, 0x1a, 0xf0, 0x03, 0x02,
 0x1a, 0x0c, 0x43, 0x02, 0x01, 0xc4, 0x04, 0x00,
 0x01, 0x00, 0x04, 0x00, 0x08, 0x00, 0x89, 0x01,
 0x01, 0xf4, 0x05, 0x00, 0x00, 0x00, 0xec, 0x03,
 0x00, 0x1a, 0xbc, 0x04, 0x31, 0x00, 0xc0, 0x04,
 0x33, 0x00, 0xee, 0x03, 0x01, 0x1a, 0xc6, 0x04,
 0x36, 0x00, 0xe2, 0x02, 0x05, 0x00, 0xbe, 0x04,
 0x32, 0x00, 0xc8, 0x04, 0x37, 0x00, 0x64, 0x00,
 0x00, 0x40, 0x0d, 0x00, 0x00, 0x00, 0x41, 0x7b,
 0x01, 0x00, 0x00, 0x24, 0x00, 0x00, 0xe9, 0xc3,
 0x50, 0xea, 0x64, 0x03, 0x00, 0x41, 0x7c, 0x01,
 0x00, 0x00, 0xe5, 0x24, 0x01, 0x00, 0xf1, 0x35,
 0x64, 0x03, 0x00, 0x40, 0x7d, 0x01, 0x00, 0x00,
 0xf1, 0x14, 0x64, 0x03, 0x00, 0x41, 0x7d, 0x01,
 0x00, 0x00, 0xe5, 0x24, 0x01, 0x00, 0xd4, 0xf1,
 0x05, 0xcc, 0xbb, 0x46, 0xea, 0x64, 0x03, 0x00,
 0x40, 0x7e, 0x01, 0x00, 0x00, 0xf1, 0x0e, 0x64,
 0x03, 0x00, 0x41, 0x7e, 0x01, 0x00, 0x00, 0xe5,
 0x24, 0x01, 0x00, 0x0e, 0x64, 0x03, 0x00, 0x41,
 0x7f, 0x01, 0x00, 0x00, 0x64, 0x03, 0x00, 0x40,
 0x80, 0x01, 0x00, 0x00, 0x5d, 0x04, 0x00, 0x24,
 0x02, 0x00, 0x0e, 0x5d, 0x05, 0x00, 0x11, 0xc3,
 0x40, 0x21, 0x01, 0x00, 0x5e, 0x06, 0x00, 0x64,
 0x03, 0x00, 0x41, 0x81, 0x01, 0x00, 0x00, 0xe5,
 0x5d, 0x07, 0x00, 0x24, 0x02, 0x00, 0x29, 0x0c,
 0x43, 0x02, 0x01, 0xc6, 0x04, 0x00, 0x00, 0x00,
 0x02, 0x00, 0x01, 0x00, 0x04, 0x00, 0xca, 0x04,
 0x38, 0x00, 0xe4, 0xbe, 0xf6, 0x29, 0x0c, 0x43,
 0x02, 0x01, 0xc8, 0x04, 0x00, 0x02, 0x00, 0x06,
 0x00, 0x04, 0x00, 0x28, 0x02, 0x84, 0x06, 0x00,
 0x00, 0x00, 0x86, 0x06, 0x00, 0x01, 0x00, 0xee,
 0x03, 0x01, 0x1a, 0xbc, 0x04, 0x31, 0x00, 0xbe,
 0x04, 0x32, 0x00, 0xca, 0x04, 0x38, 0x00, 0x64,
 0x00, 0x00, 0x41, 0x84, 0x01, 0x00, 0x00, 0xe5,
 0xe6, 0x40, 0x85, 0x01, 0x00, 0x00, 0xbb, 0xe6,
 0xf0, 0x24, 0x04, 0x00, 0xd0, 0xbb, 0xd1, 0xcd,
 0xcc, 0xa6, 0xf1, 0x0b, 0xe7, 0xe6, 0xcd, 0x46,
 0xf6, 0x0e, 0x93, 0x01, 0xf3, 0xf2, 0x29, 0x0c,
 0x43, 0x02, 0x01, 0xca, 0x04, 0x01, 0x00, 0x01,
 0x04, 0x00, 0x04, 0x00, 0x5e, 0x01, 0x8c, 0x06,
 0x00, 0x01, 0x00, 0x84, 0x04, 0x15, 0x00, 0xc2,
 0x05, 0x74, 0x00, 0xb8, 0x04, 0x2f, 0x00, 0xba,
 0x04, 0x30, 0x00, 0xe4, 0xf2, 0x06, 0xe5, 0xd8,
 0xf6, 0x0e, 0x29, 0xe6, 0xbb, 0xaf, 0xf1, 0x24,
 0xd8, 0xc4, 0x80, 0x00, 0xa9, 0xf1, 0x1d, 0xd8,
 0xc4, 0xc0, 0x00, 0xa6, 0xf1, 0x16, 0xe7, 0xc1,
 0x9f, 0xd8, 0xc3, 0x3f, 0xa2, 0xa4, 0xeb, 0xe6,
 0x8e, 0xee, 0xbb, 0xae, 0xf1, 0x33, 0xe5, 0xe7,
 0xf6, 0x0e, 0x29, 0xd8, 0xc4, 0xc0, 0x00, 0xa9,
 0xf1, 0x21, 0xd8, 0xc4, 0xf8, 0x00, 0xa6, 0xf1,
 0x1a, 0xbc, 0xd8, 0xc4, 0xe0, 0x00, 0xa9, 0x9d,
 0xd8, 0xc4, 0xf0, 0x00, 0xa9, 0x9d, 0xea, 0xd8,
 0xbc, 0xc1, 0xe6, 0x9e, 0x9f, 0xbc, 0x9e, 0xa2,
 0xeb, 0x29, 0xbb, 0xea, 0xe5, 0xd8, 0xf6, 0x0e,
 0x29, 0x0c, 0x43, 0x02, 0x01, 0xcc, 0x04, 0x01,
 0x00, 0x01, 0x02, 0x00, 0x00, 0x00, 0x35, 0x01,
 0x8c, 0x06, 0x00, 0x01, 0x00, 0xd8, 0x97, 0x04,
 0x4c, 0x00, 0x00, 0x00, 0xae, 0x11, 0xf1, 0x2a,
 0x0e, 0xd8, 0x04, 0x87, 0x01, 0x00, 0x00, 0xa9,
 0x11, 0xf1, 0x09, 0x0e, 0xd8, 0x04, 0x88, 0x01,
 0x00, 0x00, 0xa7, 0x11, 0xf2, 0x14, 0x0e, 0xd8,
 0x04, 0x89, 0x01, 0x00, 0x00, 0xa9, 0x11, 0xf1,
 0x09, 0x0e, 0xd8, 0x04, 0x8a, 0x01, 0x00, 0x00,
 0xa7, 0x28, 0x0c, 0x43, 0x02, 0x01, 0xce, 0x04,
 0x01, 0x00, 0x01, 0x02, 0x00, 0x00, 0x02, 0x19,
 0x01, 0x8c, 0x06, 0x00, 0x01, 0x00, 0x07, 0x02,
 0x30, 0x07, 0x02, 0x39, 0xd8, 0x97, 0x04, 0x4c,
 0x00, 0x00, 0x00, 0xae, 0x11, 0xf1, 0x0e, 0x0e,
 0xd8, 0xc5, 0x00, 0xa9, 0x11, 0xf1, 0x06, 0x0e,
 0xd8, 0xc5, 0x01, 0xa7, 0x28, 0x0c, 0x43, 0x02,
 0x01, 0xd0, 0x04, 0x01, 0x00, 0x01, 0x02, 0x00,
 0x02, 0x00, 0x2d, 0x01, 0x8c, 0x06, 0x00, 0x01,
 0x00, 0xcc, 0x04, 0x39, 0x00, 0xce, 0x04, 0x3a,
 0x00, 0xd8, 0x97, 0x04, 0x4c, 0x00, 0x00, 0x00,
 0xae, 0x11, 0xf1, 0x22, 0x0e, 0xe4, 0xd8, 0xf6,
 0x11, 0xf2, 0x1b, 0x0e, 0xe5, 0xd8, 0xf6, 0x11,
 0xf2, 0x14, 0x0e, 0xd8, 0x04, 0x8b, 0x01, 0x00,
 0x00, 0xac, 0x11, 0xf2, 0x09, 0x0e, 0xd8, 0x04,
 0x8c, 0x01, 0x00, 0x00, 0xac, 0x28, 0x0c, 0x43,
 0x02, 0x01, 0xd2, 0x04, 0x01, 0x00, 0x01, 0x04,
 0x00, 0x00, 0x00, 0x1d, 0x01, 0x8c, 0x06, 0x00,
 0x01, 0x00, 0xd8, 0x97, 0x04, 0x4c, 0x00, 0x00,
 0x00, 0xae, 0x11, 0xf1, 0x12, 0x0e, 0x04, 0x8d,
 0x01, 0x00, 0x00, 0x41, 0x8e, 0x01, 0x00, 0x00,
 0xd8, 0xbb, 0x46, 0x24, 0x01, 0x00, 0x28, 0x0c,
 0x43, 0x02, 0x01, 0xd4, 0x04, 0x01, 0x04, 0x01,
 0x03, 0x00, 0x00, 0x00, 0x32, 0x05, 0x9e, 0x06,
 0x00, 0x01, 0x00, 0xa0, 0x06, 0x00, 0x00, 0x00,
 0x8c, 0x06, 0x00, 0x01, 0x00, 0x86, 0x06, 0x00,
 0x02, 0x00, 0xa2, 0x06, 0x00, 0x03, 0x00, 0xd8,
 0xf0, 0xd3, 0xbb, 0xd0, 0xbb, 0xd2, 0xce, 0xcf,
 0xa6, 0xf1, 0x25, 0xd8, 0x41, 0x92, 0x01, 0x00,
 0x00, 0xce, 0x24, 0x01, 0x00, 0xd5, 0x01, 0x00,
 0xdc, 0x00, 0x00, 0xa6, 0x11, 0xf2, 0x09, 0x0e,
 0xcd, 0x01, 0x00, 0xe0, 0x00, 0x00, 0xa9, 0xf1,
 0x03, 0x93, 0x00, 0x93, 0x02, 0xf3, 0xd8, 0xcc,
 0x28, 0x0c, 0x43, 0x02, 0x01, 0xd6, 0x04, 0x01,
 0x01, 0x01, 0x03, 0x00, 0x00, 0x00, 0x29, 0x02,
 0x8c, 0x06, 0x00, 0x01, 0x00, 0xa6, 0x06, 0x00,
 0x00, 0x00, 0xd8, 0x97, 0x04, 0x4c, 0x00, 0x00,
 0x00, 0xaf, 0xf1, 0x03, 0x09, 0x28, 0xd8, 0x41,
 0x94, 0x01, 0x00, 0x00, 0xbb, 0x24, 0x01, 0x00,
 0xd4, 0x01, 0x00, 0xdc, 0x00, 0x00, 0xa9, 0x11,
 0xf1, 0x09, 0x0e, 0xcc, 0x01, 0x00, 0xe0, 0x00,
 0x00, 0xa6, 0x28, 0x0c, 0x43, 0x02, 0x01, 0xd8,
 0x04, 0x02, 0x00, 0x02, 0x03, 0x00, 0x00, 0x00,
 0x23, 0x02, 0x92, 0x06, 0x00, 0x01, 0x00, 0xaa,
 0x06, 0x00, 0x01, 0x00, 0xd8, 0xd9, 0x9d, 0x11,
 0x04, 0x96, 0x01, 0x00, 0x00, 0xae, 0xf2, 0x13,
 0x11, 0x04, 0x97, 0x01, 0x00, 0x00, 0xae, 0xf2,
 0x0a, 0x11, 0x04, 0x98, 0x01, 0x00, 0x00, 0xae,
 0xf1, 0x03, 0x0a, 0x28, 0x0e, 0x09, 0x28, 0x0c,
 0x43, 0x02, 0x01, 0xda, 0x04, 0x03, 0x03, 0x03,
 0x06, 0x00, 0x03, 0x00, 0x62, 0x06, 0x9e, 0x06,
 0x00, 0x01, 0x00, 0xb2, 0x06, 0x00, 0x01, 0x00,
 0xb4, 0x06, 0x00, 0x01, 0x00, 0x86, 0x06, 0x00,
 0x00, 0x00, 0xb6, 0x06, 0x00, 0x01, 0x00, 0xb8,
 0x06, 0x00, 0x02, 0x00, 0xec, 0x03, 0x00, 0x1a,
 0xfe, 0x03, 0x12, 0x00, 0x82, 0x04, 0x14, 0x00,
 0xd9, 0xd1, 0xcd, 0xd8, 0xf0, 0xa6, 0xf1, 0x5a,
 0xda, 0xcd, 0xd4, 0x46, 0xd2, 0xcd, 0x8f, 0xd5,
 0xd8, 0xf0, 0xa6, 0xf1, 0x08, 0xda, 0xcd, 0x46,
 0xce, 0xac, 0xf2, 0xf2, 0x64, 0x00, 0x00, 0x41,
 0x9d, 0x01, 0x00, 0x00, 0xe5, 0xe6, 0xce, 0x46,
 0x11, 0xf2, 0x07, 0x0e, 0x04, 0x9e, 0x01, 0x00,
 0x00, 0x46, 0x24, 0x01, 0x00, 0x0e, 0x64, 0x00,
 0x00, 0x41, 0x9d, 0x01, 0x00, 0x00, 0xd8, 0x41,
 0x9f, 0x01, 0x00, 0x00, 0xcb, 0x24, 0x02, 0x00,
 0x24, 0x01, 0x00, 0x0e, 0x64, 0x00, 0x00, 0x41,
 0x9d, 0x01, 0x00, 0x00, 0xe5, 0x04, 0x9e, 0x01,
 0x00, 0x00, 0x46, 0x24, 0x01, 0x00, 0x0e, 0xf3,
 0xa2, 0x29, 0x0c, 0x43, 0x02, 0x01, 0xdc, 0x04,
 0x02, 0x00, 0x02, 0x05, 0x00, 0x01, 0x00, 0x1d,
 0x02, 0xc0, 0x06, 0x00, 0x01, 0x00, 0xc2, 0x06,
 0x00, 0x01, 0x00, 0xec, 0x03, 0x00, 0x1a, 0x64,
 0x00, 0x00, 0x41, 0x9d, 0x01, 0x00, 0x00, 0x04,
 0xa2, 0x01, 0x00, 0x00, 0xd8, 0xbc, 0xad, 0xf1,
 0x04, 0xd8, 0xf3, 0x02, 0xc7, 0x9d, 0xd9, 0x9d,
 0x24, 0x01, 0x00, 0x29, 0x0c, 0x43, 0x02, 0x01,
 0xde, 0x04, 0x01, 0x02, 0x01, 0x04, 0x00, 0x05,
 0x00, 0xa1, 0x01, 0x03, 0xc6, 0x06, 0x00, 0x01,
 0x00, 0x86, 0x06, 0x00, 0x00, 0x00, 0x84, 0x06,
 0x00, 0x01, 0x00, 0xc2, 0x04, 0x34, 0x00, 0xc0,
 0x04, 0x33, 0x00, 0xec, 0x03, 0x00, 0x1a, 0xcc,
 0x02, 0x0b, 0x00, 0xdc, 0x04, 0x41, 0x00, 0xd8,
 0xbb, 0xa8, 0xf1, 0x4d, 0xd8, 0xbb, 0xad, 0x68,
 0x97, 0x00, 0x00, 0x00, 0xe4, 0xe5, 0xbc, 0x9e,
 0xac, 0xf1, 0x19, 0x64, 0x02, 0x00, 0x41, 0x9d,
 0x01, 0x00, 0x00, 0x04, 0xa4, 0x01, 0x00, 0x00,
 0x24, 0x01, 0x00, 0x0e, 0xbb, 0xe8, 0xd8, 0x8e,
 0xdc, 0xf3, 0xda, 0xe7, 0x41, 0xa5, 0x01, 0x00,
 0x00, 0xe5, 0xbc, 0x9e, 0xe4, 0x9e, 0xd8, 0x24,
 0x02, 0x00, 0xd1, 0x5d, 0x04, 0x00, 0xcd, 0x04,
 0xa6, 0x01, 0x00, 0x00, 0xf7, 0x0e, 0xd8, 0xcd,
 0x9e, 0xdc, 0xe4, 0xcd, 0x9d, 0xe8, 0xf3, 0xb5,
 0xd8, 0x8c, 0xdc, 0xd8, 0xbb, 0xad, 0xf1, 0x48,
 0xe4, 0xbb, 0xac, 0xf1, 0x22, 0x5d, 0x04, 0x00,
 0xbc, 0x04, 0x87, 0x01, 0x00, 0x00, 0xf7, 0x0e,
 0x5d, 0x04, 0x00, 0xe5, 0xbc, 0x9e, 0x04, 0xa6,
 0x01, 0x00, 0x00, 0xf7, 0x0e, 0xd8, 0x8e, 0xdc,
 0xe5, 0xbc, 0x9e, 0xe8, 0xf3, 0xd6, 0xe7, 0x41,
 0xa5, 0x01, 0x00, 0x00, 0xd8, 0xe4, 0x24, 0x02,
 0x00, 0xd1, 0x5d, 0x04, 0x00, 0xcd, 0x04, 0xa7,
 0x01, 0x00, 0x00, 0xf7, 0x0e, 0xd8, 0xcd, 0x9e,
 0xdc, 0xe4, 0xcd, 0x9e, 0xe8, 0xf3, 0xb5, 0x29,
 0x0c, 0x43, 0x02, 0x01, 0xe0, 0x04, 0x00, 0x05,
 0x00, 0x06, 0x00, 0x0d, 0x00, 0x9c, 0x02, 0x05,
 0x86, 0x06, 0x00, 0x00, 0x00, 0xd0, 0x06, 0x00,
 0x01, 0x00, 0x9e, 0x06, 0x00, 0x02, 0x00, 0xb2,
 0x06, 0x00, 0x03, 0x00, 0xd2, 0x06, 0x00, 0x04,
 0x00, 0xaa, 0x04, 0x28, 0x00, 0xae, 0x04, 0x2a,
 0x00, 0x88, 0x04, 0x17, 0x00, 0xb0, 0x04, 0x2b,
 0x00, 0xec, 0x03, 0x00, 0x1a, 0xde, 0x04, 0x42,
 0x00, 0xd4, 0x04, 0x3d, 0x00, 0xa6, 0x04, 0x26,
 0x00, 0xea, 0x05, 0x88, 0x01, 0x00, 0xda, 0x04,
 0x40, 0x00, 0xc2, 0x04, 0x34, 0x00, 0xc0, 0x04,
 0x33, 0x00, 0xac, 0x04, 0x29, 0x00, 0xe4, 0xe5,
 0xad, 0x68, 0xc6, 0x00, 0x00, 0x00, 0xe6, 0x96,
 0xf1, 0x32, 0xe5, 0x41, 0x9f, 0x01, 0x00, 0x00,
 0xbb, 0xe7, 0x24, 0x02, 0x00, 0xe4, 0x41, 0x9f,
 0x01, 0x00, 0x00, 0xbb, 0xe7, 0x24, 0x02, 0x00,
 0xac, 0xf1, 0x19, 0x64, 0x04, 0x00, 0x41, 0x9d,
 0x01, 0x00, 0x00, 0xe4, 0x41, 0x9f, 0x01, 0x00,
 0x00, 0xe7, 0x24, 0x01, 0x00, 0x24, 0x01, 0x00,
 0x0e, 0xf3, 0x53, 0x5d, 0x05, 0x00, 0x5d, 0x06,
 0x00, 0xe5, 0x41, 0x9f, 0x01, 0x00, 0x00, 0xbb,
 0xe7, 0x24, 0x02, 0x00, 0xf6, 0x8c, 0xf6, 0x0e,
 0xe6, 0xf1, 0x2e, 0x5d, 0x07, 0x00, 0xf1, 0x0e,
 0x5d, 0x07, 0x00, 0x04, 0xa4, 0x01, 0x00, 0x00,
 0x9d, 0xe4, 0x9d, 0xf3, 0x02, 0xe4, 0xd6, 0xf0,
 0xe4, 0xf0, 0x9e, 0xd3, 0x5d, 0x08, 0x00, 0xce,
 0xf6, 0xc9, 0x04, 0x5d, 0x09, 0x00, 0xce, 0xcf,
 0xc8, 0x04, 0xbd, 0x46, 0xf8, 0x0e, 0xf3, 0x0e,
 0x64, 0x04, 0x00, 0x41, 0x9d, 0x01, 0x00, 0x00,
 0xe4, 0x24, 0x01, 0x00, 0x0e, 0x5d, 0x0a, 0x00,
 0x5d, 0x06, 0x00, 0xe4, 0xf6, 0x9d, 0x5d, 0x0b,
 0x00, 0x9c, 0x5f, 0x0a, 0x00, 0xbb, 0xac, 0xf1,
 0x12, 0x64, 0x04, 0x00, 0x41, 0x9d, 0x01, 0x00,
 0x00, 0x04, 0xaa, 0x01, 0x00, 0x00, 0x24, 0x01,
 0x00, 0x0e, 0x64, 0x04, 0x00, 0x41, 0x9d, 0x01,
 0x00, 0x00, 0x04, 0xab, 0x01, 0x00, 0x00, 0x24,
 0x01, 0x00, 0x0e, 0xe4, 0xe9, 0xe4, 0xf0, 0xeb,
 0x5d, 0x0c, 0x00, 0xe7, 0xa8, 0xf1, 0x19, 0x5d,
 0x05, 0x00, 0x5d, 0x06, 0x00, 0xe4, 0x41, 0x9f,
 0x01, 0x00, 0x00, 0xe7, 0x5d, 0x0c, 0x00, 0x24,
 0x02, 0x00, 0xf6, 0xf6, 0x0e, 0xf3, 0x1f, 0x5d,
 0x0c, 0x00, 0xe7, 0xa6, 0xf1, 0x18, 0x5d, 0x05,
 0x00, 0x5d, 0x06, 0x00, 0xe4, 0x41, 0x9f, 0x01,
 0x00, 0x00, 0x5d, 0x0c, 0x00, 0xe7, 0x24, 0x02,
 0x00, 0xf6, 0x8c, 0xf6, 0x0e, 0x5d, 0x0c, 0x00,
 0xeb, 0x64, 0x04, 0x00, 0x40, 0xac, 0x01, 0x00,
 0x00, 0x41, 0xad, 0x01, 0x00, 0x00, 0x24, 0x00,
 0x00, 0x29, 0x0c, 0x43, 0x02, 0x01, 0xe2, 0x04,
 0x01, 0x00, 0x01, 0x04, 0x00, 0x02, 0x00, 0x22,
 0x01, 0x9e, 0x06, 0x00, 0x01, 0x00, 0xaa, 0x04,
 0x28, 0x00, 0xac, 0x04, 0x29, 0x00, 0xd8, 0xf1,
 0x1f, 0xe4, 0x41, 0x9f, 0x01, 0x00, 0x00, 0xbb,
 0xe5, 0x24, 0x02, 0x00, 0xd8, 0x9d, 0xe4, 0x41,
 0x9f, 0x01, 0x00, 0x00, 0xe5, 0x24, 0x01, 0x00,
 0x9d, 0xe8, 0xe5, 0xd8, 0xf0, 0x9d, 0xe9, 0x29,
 0x0c, 0x43, 0x02, 0x01, 0xe4, 0x04, 0x00, 0x00,
 0x00, 0x01, 0x00, 0x01, 0x00, 0x03, 0x00, 0xb6,
 0x04, 0x2e, 0x00, 0x0a, 0xe8, 0x29, 0x0c, 0x43,
 0x02, 0x01, 0xe6, 0x04, 0x00, 0x00, 0x00, 0x01,
 0x00, 0x02, 0x00, 0x07, 0x00, 0xaa, 0x04, 0x28,
 0x00, 0xac, 0x04, 0x29, 0x00, 0xc7, 0xe8, 0xbb,
 0xe9, 0xc3, 0xfe, 0x28, 0x0c, 0x43, 0x02, 0x01,
 0xe8, 0x04, 0x00, 0x00, 0x00, 0x00, 0x00, 0x00,
 0x00, 0x01, 0x00, 0x29, 0x0c, 0x43, 0x02, 0x01,
 0xea, 0x04, 0x00, 0x00, 0x00, 0x01, 0x00, 0x01,
 0x00, 0x03, 0x00, 0xac, 0x04, 0x29, 0x00, 0xbb,
 0xe8, 0x29, 0x0c, 0x43, 0x02, 0x01, 0xec, 0x04,
 0x00, 0x00, 0x00, 0x01, 0x00, 0x02, 0x00, 0x04,
 0x00, 0xaa, 0x04, 0x28, 0x00, 0xac, 0x04, 0x29,
 0x00, 0xe4, 0xf0, 0xe9, 0x29, 0x0c, 0x43, 0x02,
 0x01, 0xee, 0x04, 0x00, 0x00, 0x00, 0x04, 0x00,
 0x03, 0x00, 0x1d, 0x00, 0xac, 0x04, 0x29, 0x00,
 0xaa, 0x04, 0x28, 0x00, 0xd6, 0x04, 0x3e, 0x00,
 0xe4, 0xe5, 0xf0, 0xa6, 0xf1, 0x17, 0xe4, 0x8f,
 0xe8, 0xe6, 0xe5, 0x41, 0xae, 0x01, 0x00, 0x00,
 0xe4, 0x24, 0x01, 0x00, 0xf6, 0xf1, 0x06, 0xe4,
 0x8f, 0xe8, 0xf3, 0xee, 0x29, 0x0c, 0x43, 0x02,
 0x01, 0xf0, 0x04, 0x00, 0x00, 0x00, 0x04, 0x00,
 0x03, 0x00, 0x1c, 0x00, 0xac, 0x04, 0x29, 0x00,
 0xd6, 0x04, 0x3e, 0x00, 0xaa, 0x04, 0x28, 0x00,
 0xe4, 0xbb, 0xa8, 0xf1, 0x17, 0xe4, 0x8e, 0xe8,
 0xe5, 0xe6, 0x41, 0xae, 0x01, 0x00, 0x00, 0xe4,
 0x24, 0x01, 0x00, 0xf6, 0xf1, 0x06, 0xe4, 0x8e,
 0xe8, 0xf3, 0xee, 0x29, 0x0c, 0x43, 0x02, 0x01,
 0xf2, 0x04, 0x01, 0x00, 0x01, 0x04, 0x00, 0x02,
 0x00, 0x35, 0x01, 0xde, 0x06, 0x00, 0x01, 0x00,
 0xaa, 0x04, 0x28, 0x00, 0xd0, 0x04, 0x3b, 0x00,
 0xd8, 0xe4, 0xf0, 0xa6, 0xf1, 0x15, 0xe5, 0xe4,
 0x41, 0xae, 0x01, 0x00, 0x00, 0xd8, 0x24, 0x01,
 0x00, 0xf6, 0x96, 0xf1, 0x06, 0xd8, 0x8f, 0xdc,
 0xf3, 0xe7, 0xd8, 0xe4, 0xf0, 0xa6, 0xf1, 0x14,
 0xe5, 0xe4, 0x41, 0xae, 0x01, 0x00, 0x00, 0xd8,
 0x24, 0x01, 0x00, 0xf6, 0xf1, 0x06, 0xd8, 0x8f,
 0xdc, 0xf3, 0xe8, 0xd8, 0x28, 0x0c, 0x43, 0x02,
 0x01, 0xf4, 0x04, 0x01, 0x00, 0x01, 0x05, 0x00,
 0x02, 0x00, 0x37, 0x01, 0xde, 0x06, 0x00, 0x01,
 0x00, 0xd0, 0x04, 0x3b, 0x00, 0xaa, 0x04, 0x28,
 0x00, 0xd8, 0xbb, 0xa8, 0xf1, 0x17, 0xe4, 0xe5,
 0x41, 0xae, 0x01, 0x00, 0x00, 0xd8, 0xbc, 0x9e,
 0x24, 0x01, 0x00, 0xf6, 0x96, 0xf1, 0x06, 0xd8,
 0x8e, 0xdc, 0xf3, 0xe6, 0xd8, 0xbb, 0xa8, 0xf1,
 0x16, 0xe4, 0xe5, 0x41, 0xae, 0x01, 0x00, 0x00,
 0xd8, 0xbc, 0x9e, 0x24, 0x01, 0x00, 0xf6, 0xf1,
 0x06, 0xd8, 0x8e, 0xdc, 0xf3, 0xe7, 0xd8, 0x28,
 0x0c, 0x43, 0x02, 0x01, 0xf6, 0x04, 0x00, 0x00,
 0x00, 0x02, 0x00, 0x02, 0x00, 0x05, 0x00, 0xf2,
 0x04, 0x4c, 0x00, 0xac, 0x04, 0x29, 0x00, 0xe4,
 0xe5, 0xf6, 0xe9, 0x29, 0x0c, 0x43, 0x02, 0x01,
 0xf8, 0x04, 0x00, 0x00, 0x00, 0x02, 0x00, 0x02,
 0x00, 0x05, 0x00, 0xf4, 0x04, 0x4d, 0x00, 0xac,
 0x04, 0x29, 0x00, 0xe4, 0xe5, 0xf6, 0xe9, 0x29,
 0x0c, 0x43, 0x02, 0x01, 0xfa, 0x04, 0x00, 0x00,
 0x00, 0x02, 0x00, 0x01, 0x00, 0x0e, 0x00, 0xd8,
 0x05, 0x7f, 0x00, 0xe4, 0x04, 0xb0, 0x01, 0x00,
 0x00, 0x47, 0x24, 0x00, 0x00, 0x0e, 0xc3, 0xfe,
 0x28, 0x0c, 0x43, 0x02, 0x01, 0xfc, 0x04, 0x00,
 0x00, 0x00, 0x03, 0x00, 0x03, 0x00, 0x17, 0x00,
 0xec, 0x03, 0x00, 0x1a, 0xfe, 0x04, 0x52, 0x00,
 0xaa, 0x04, 0x28, 0x00, 0x64, 0x00, 0x00, 0x41,
 0x9d, 0x01, 0x00, 0x00, 0x04, 0xa4, 0x01, 0x00,
 0x00, 0x24, 0x01, 0x00, 0x0e, 0xe5, 0xe6, 0xf6,
 0x0e, 0xba, 0x28, 0x0c, 0x43, 0x02, 0x01, 0xfe,
 0x04, 0x01, 0x00, 0x01, 0x03, 0x00, 0x02, 0x00,
 0x36, 0x01, 0x9e, 0x06, 0x00, 0x01, 0x00, 0x92,
 0x04, 0x1c, 0x00, 0x94, 0x04, 0x1d, 0x00, 0xd8,
 0x41, 0xb1, 0x01, 0x00, 0x00, 0x24, 0x00, 0x00,
 0xe0, 0xf1, 0x27, 0xe4, 0xf0, 0xf1, 0x18, 0xe4,
 0xe4, 0xf0, 0xbc, 0x9e, 0x46, 0x96, 0xf1, 0x0f,
 0xe4, 0x41, 0x33, 0x00, 0x00, 0x00, 0x8e, 0x42,
 0x33, 0x00, 0x00, 0x00, 0xf3, 0xe6, 0xe4, 0x41,
 0xb2, 0x01, 0x00, 0x00, 0xd8, 0x24, 0x01, 0x00,
 0x0e, 0xe4, 0xf0, 0xe9, 0x29, 0x0c, 0x43, 0x02,
 0x01, 0x80, 0x05, 0x00, 0x00, 0x00, 0x03, 0x00,
 0x04, 0x00, 0x20, 0x00, 0x94, 0x04, 0x1d, 0x00,
 0x92, 0x04, 0x1c, 0x00, 0xaa, 0x04, 0x28, 0x00,
 0xac, 0x04, 0x29, 0x00, 0xe4, 0xbb, 0xa8, 0xf1,
 0x1b, 0xe4, 0xe5, 0xf0, 0xac, 0xf1, 0x0c, 0xe5,
 0x41, 0xb2, 0x01, 0x00, 0x00, 0xe6, 0x24, 0x01,
 0x00, 0x0e, 0xe4, 0x8e, 0xe8, 0xe5, 0xe4, 0x46,
 0xee, 0xf0, 0xeb, 0x29, 0x0c, 0x43, 0x02, 0x01,
 0x82, 0x05, 0x00, 0x00, 0x00, 0x03, 0x00, 0x04,
 0x00, 0x12, 0x00, 0x94, 0x04, 0x1d, 0x00, 0x92,
 0x04, 0x1c, 0x00, 0xaa, 0x04, 0x28, 0x00, 0xac,
 0x04, 0x29, 0x00, 0xe4, 0xe5, 0xf0, 0xbc, 0x9e,
 0xa6, 0xf1, 0x0a, 0xe4, 0x8f, 0xe8, 0xe5, 0xe4,
 0x46, 0xee, 0xf0, 0xeb, 0x29, 0x0c, 0x43, 0x02,
 0x01, 0x84, 0x05, 0x01, 0x03, 0x01, 0x05, 0x00,
 0x04, 0x00, 0x3d, 0x04, 0xe6, 0x06, 0x00, 0x01,
 0x00, 0xde, 0x06, 0x00, 0x00, 0x00, 0x86, 0x06,
 0x00, 0x01, 0x00, 0xbe, 0x01, 0x00, 0x02, 0x00,
 0xac, 0x04, 0x29, 0x00, 0x92, 0x04, 0x1c, 0x00,
 0x94, 0x04, 0x1d, 0x00, 0xaa, 0x04, 0x28, 0x00,
 0xe4, 0xd0, 0xbc, 0xd1, 0xcd, 0xe5, 0xf0, 0xa7,
 0xf1, 0x33, 0xe5, 0xf0, 0xcd, 0xd8, 0x9a, 0x9d,
 0xe6, 0x9d, 0xe5, 0xf0, 0x9c, 0xd2, 0xe5, 0xce,
 0x46, 0x41, 0x9f, 0x01, 0x00, 0x00, 0xbb, 0xcc,
 0x24, 0x02, 0x00, 0xe7, 0x41, 0x9f, 0x01, 0x00,
 0x00, 0xbb, 0xcc, 0x24, 0x02, 0x00, 0xac, 0xf1,
 0x08, 0xce, 0xea, 0xe5, 0xce, 0x46, 0xeb, 0x29,
 0x93, 0x01, 0xf3, 0xc9, 0x29, 0x0c, 0x43, 0x02,
 0x01, 0x86, 0x05, 0x00, 0x00, 0x00, 0x02, 0x00,
 0x01, 0x00, 0x05, 0x00, 0x84, 0x05, 0x55, 0x00,
 0xe4, 0xba, 0x23, 0x01, 0x00, 0x0c, 0x43, 0x02,
 0x01, 0x88, 0x05, 0x00, 0x00, 0x00, 0x02, 0x00,
 0x01, 0x00, 0x05, 0x00, 0x84, 0x05, 0x55, 0x00,
 0xe4, 0xbc, 0x23, 0x01, 0x00, 0x0c, 0x43, 0x02,
 0x01, 0x8a, 0x05, 0x01, 0x02, 0x01, 0x04, 0x00,
 0x05, 0x00, 0x65, 0x03, 0xe6, 0x06, 0x00, 0x01,
 0x00, 0xb2, 0x06, 0x00, 0x00, 0x00, 0xe8, 0x06,
 0x00, 0x01, 0x00, 0xac, 0x04, 0x29, 0x00, 0xd6,
 0x04, 0x3e, 0x00, 0xaa, 0x04, 0x28, 0x00, 0xb4,
 0x04, 0x2d, 0x00, 0x9a, 0x05, 0x60, 0x00, 0xe4,
 0xd0, 0xd8, 0xbb, 0xa6, 0xf1, 0x15, 0x92, 0x00,
 0xe5, 0xe6, 0x41, 0xae, 0x01, 0x00, 0x00, 0xcc,
 0x24, 0x01, 0x00, 0xf6, 0xf1, 0x05, 0x92, 0x00,
 0xf3, 0xef, 0xcc, 0xbc, 0x9d, 0xd1, 0xe5, 0xe6,
 0x41, 0xae, 0x01, 0x00, 0x00, 0xcd, 0x24, 0x01,
 0x00, 0xf6, 0xf1, 0x05, 0x93, 0x01, 0xf3, 0xef,
 0xcc, 0xbb, 0xa9, 0xf1, 0x2f, 0xcc, 0xe6, 0xf0,
 0xa6, 0xf1, 0x29, 0xe7, 0x5d, 0x04, 0x00, 0xae,
 0xf1, 0x09, 0x5d, 0x04, 0x00, 0xcb, 0xd8, 0xf8,
 0x0e, 0x29, 0xe6, 0x41, 0x9f, 0x01, 0x00, 0x00,
 0xbb, 0xcc, 0x24, 0x02, 0x00, 0xe6, 0x41, 0x9f,
 0x01, 0x00, 0x00, 0xcd, 0x24, 0x01, 0x00, 0x9d,
 0xea, 0xcc, 0xe8, 0x29, 0x0c, 0x43, 0x02, 0x01,
 0x8c, 0x05, 0x00, 0x00, 0x00, 0x02, 0x00, 0x01,
 0x00, 0x04, 0x00, 0x8a, 0x05, 0x58, 0x00, 0xe4,
 0xbc, 0xf6, 0x29, 0x0c, 0x43, 0x02, 0x01, 0x8e,
 0x05, 0x00, 0x00, 0x00, 0x03, 0x00, 0x03, 0x00,
 0x1f, 0x00, 0xaa, 0x04, 0x28, 0x00, 0xec, 0x03,
 0x00, 0x1a, 0x8a, 0x05, 0x58, 0x00, 0xe4, 0xf0,
 0xbb, 0xac, 0xf1, 0x15, 0x64, 0x01, 0x00, 0x41,
 0x9d, 0x01, 0x00, 0x00, 0x04, 0xa4, 0x01, 0x00,
 0x00, 0x24, 0x01, 0x00, 0x0e, 0xc3, 0xfd, 0x28,
 0xe6, 0xbc, 0xf6, 0x0e, 0x29, 0x0c, 0x43, 0x02,
 0x01, 0x90, 0x05, 0x00, 0x00, 0x00, 0x02, 0x00,
 0x01, 0x00, 0x04, 0x00, 0x8a, 0x05, 0x58, 0x00,
 0xe4, 0xba, 0xf6, 0x29, 0x0c, 0x43, 0x02, 0x01,
 0x92, 0x05, 0x00, 0x01, 0x00, 0x06, 0x00, 0x02,
 0x00, 0x51, 0x01, 0xde, 0x06, 0x00, 0x00, 0x00,
 0xac, 0x04, 0x29, 0x00, 0xaa, 0x04, 0x28, 0x00,
 0xe4, 0xd0, 0xe5, 0xf0, 0xbc, 0xa8, 0xf1, 0x49,
 0xcc, 0xbb, 0xa8, 0xf1, 0x44, 0xcc, 0xe5, 0xf0,
 0xac, 0xf1, 0x03, 0x92, 0x00, 0xe5, 0x41, 0x9f,
 0x01, 0x00, 0x00, 0xbb, 0xcc, 0xbc, 0x9e, 0x24,
 0x02, 0x00, 0xe5, 0x41, 0x9f, 0x01, 0x00, 0x00,
 0xcc, 0xcc, 0xbc, 0x9d, 0x24, 0x02, 0x00, 0x9d,
 0xe5, 0x41, 0x9f, 0x01, 0x00, 0x00, 0xcc, 0xbc,
 0x9e, 0xcc, 0x24, 0x02, 0x00, 0x9d, 0xe5, 0x41,
 0x9f, 0x01, 0x00, 0x00, 0xcc, 0xbc, 0x9d, 0x24,
 0x01, 0x00, 0x9d, 0xe9, 0xcc, 0xbc, 0x9d, 0xe8,
 0x29, 0x0c, 0x43, 0x02, 0x01, 0x94, 0x05, 0x00,
 0x04, 0x00, 0x05, 0x00, 0x04, 0x00, 0x55, 0x04,
 0xea, 0x06, 0x00, 0x00, 0x00, 0xec, 0x06, 0x00,
 0x01, 0x00, 0xee, 0x06, 0x00, 0x02, 0x00, 0xf0,
 0x06, 0x00, 0x03, 0x00, 0xf4, 0x04, 0x4d, 0x00,
 0xac, 0x04, 0x29, 0x00, 0xf2, 0x04, 0x4c, 0x00,
 0xaa, 0x04, 0x28, 0x00, 0xe4, 0xe5, 0xf6, 0xd0,
 0xe6, 0xcc, 0xf6, 0xd1, 0xe6, 0xe5, 0xf6, 0xd2,
 0xe4, 0xce, 0xf6, 0xd3, 0xcb, 0xa6, 0xf1, 0x41,
 0xcd, 0xe5, 0xa7, 0xf1, 0x3c, 0xe5, 0xcf, 0xa7,
 0xf1, 0x37, 0xcf, 0xce, 0xa6, 0xf1, 0x32, 0xe7,
 0x41, 0x9f, 0x01, 0x00, 0x00, 0xbb, 0xcc, 0x24,
 0x02, 0x00, 0xe7, 0x41, 0x9f, 0x01, 0x00, 0x00,
 0xcf, 0xce, 0x24, 0x02, 0x00, 0x9d, 0xe7, 0x41,
 0x9f, 0x01, 0x00, 0x00, 0xcd, 0xcf, 0x24, 0x02,
 0x00, 0x9d, 0xe7, 0x41, 0x9f, 0x01, 0x00, 0x00,
 0xcb, 0x24, 0x02, 0x00, 0x9d, 0xeb, 0xce, 0xe9,
 0x29, 0x0c, 0x43, 0x02, 0x01, 0x96, 0x05, 0x00,
 0x01, 0x00, 0x05, 0x00, 0x03, 0x00, 0x30, 0x01,
 0xe8, 0x06, 0x00, 0x00, 0x00, 0xf2, 0x04, 0x4c,
 0x00, 0xac, 0x04, 0x29, 0x00, 0xaa, 0x04, 0x28,
 0x00, 0xe4, 0xe5, 0xf6, 0xd0, 0xe6, 0x41, 0x9f,
 0x01, 0x00, 0x00, 0xbb, 0xe5, 0x24, 0x02, 0x00,
 0xe6, 0x41, 0x9f, 0x01, 0x00, 0x00, 0xe5, 0xcc,
 0x24, 0x02, 0x00, 0x41, 0xb9, 0x01, 0x00, 0x00,
 0x24, 0x00, 0x00, 0x9d, 0xe6, 0x41, 0x9f, 0x01,
 0x00, 0x00, 0xcc, 0x24, 0x01, 0x00, 0x9d, 0xea,
 0x29, 0x0c, 0x43, 0x02, 0x01, 0x98, 0x05, 0x00,
 0x01, 0x00, 0x05, 0x00, 0x03, 0x00, 0x30, 0x01,
 0xe8, 0x06, 0x00, 0x00, 0x00, 0xf2, 0x04, 0x4c,
 0x00, 0xac, 0x04, 0x29, 0x00, 0xaa, 0x04, 0x28,
 0x00, 0xe4, 0xe5, 0xf6, 0xd0, 0xe6, 0x41, 0x9f,
 0x01, 0x00, 0x00, 0xbb, 0xe5, 0x24, 0x02, 0x00,
 0xe6, 0x41, 0x9f, 0x01, 0x00, 0x00, 0xe5, 0xcc,
 0x24, 0x02, 0x00, 0x41, 0xba, 0x01, 0x00, 0x00,
 0x24, 0x00, 0x00, 0x9d, 0xe6, 0x41, 0x9f, 0x01,
 0x00, 0x00, 0xcc, 0x24, 0x01, 0x00, 0x9d, 0xea,
 0x29, 0x0c, 0x43, 0x02, 0x01, 0x9a, 0x05, 0x03,
 0x01, 0x03, 0x04, 0x00, 0x06, 0x00, 0x5e, 0x04,
 0xb2, 0x06, 0x00, 0x01, 0x00, 0xe8, 0x06, 0x00,
 0x01, 0x00, 0xe6, 0x06, 0x00, 0x01, 0x00, 0xf6,
 0x06, 0x00, 0x00, 0x00, 0xaa, 0x04, 0x28, 0x00,
 0xb4, 0x04, 0x2d, 0x00, 0x9a, 0x05, 0x60, 0x00,
 0x96, 0x04, 0x1e, 0x00, 0xac, 0x04, 0x29, 0x00,
 0xb2, 0x04, 0x2c, 0x00, 0xe4, 0x41, 0x9f, 0x01,
 0x00, 0x00, 0xd8, 0xd9, 0x24, 0x02, 0x00, 0xd0,
 0xe5, 0xe6, 0xaf, 0xf1, 0x05, 0xcc, 0xeb, 0xf3,
 0x10, 0xda, 0xbb, 0xa6, 0xf1, 0x07, 0xcc, 0xe7,
 0x9d, 0xeb, 0xf3, 0x05, 0xe7, 0xcc, 0x9d, 0xeb,
 0xe4, 0x41, 0x9f, 0x01, 0x00, 0x00, 0xbb, 0xd8,
 0x24, 0x02, 0x00, 0xe4, 0x41, 0x9f, 0x01, 0x00,
 0x00, 0xd9, 0x24, 0x01, 0x00, 0x9d, 0xe8, 0x5d,
 0x04, 0x00, 0xd9, 0xa8, 0xf1, 0x0d, 0x5d, 0x04,
 0x00, 0xd9, 0xd8, 0x9e, 0x9e, 0x5e, 0x04, 0x00,
 0xf3, 0x0c, 0x5d, 0x04, 0x00, 0xd8, 0xa8, 0xf1,
 0x05, 0xd8, 0x5e, 0x04, 0x00, 0xe6, 0x5e, 0x05,
 0x00, 0x29, 0x0c, 0x43, 0x02, 0x01, 0x9c, 0x05,
 0x00, 0x00, 0x00, 0x04, 0x00, 0x03, 0x00, 0x07,
 0x00, 0x9a, 0x05, 0x60, 0x00, 0xac, 0x04, 0x29,
 0x00, 0xaa, 0x04, 0x28, 0x00, 0xe4, 0xe5, 0xe6,
 0xf0, 0xbc, 0xf8, 0x29, 0x0c, 0x43, 0x02, 0x01,
 0x9e, 0x05, 0x00, 0x00, 0x00, 0x04, 0x00, 0x02,
 0x00, 0x06, 0x00, 0x9a, 0x05, 0x60, 0x00, 0xac,
 0x04, 0x29, 0x00, 0xe4, 0xbb, 0xe5, 0xba, 0xf8,
 0x29, 0x0c, 0x43, 0x02, 0x01, 0xa0, 0x05, 0x00,
 0x00, 0x00, 0x04, 0x00, 0x03, 0x00, 0x08, 0x00,
 0x9a, 0x05, 0x60, 0x00, 0xac, 0x04, 0x29, 0x00,
 0xf2, 0x04, 0x4c, 0x00, 0xe4, 0xe5, 0xe6, 0xe5,
 0xf6, 0xbc, 0xf8, 0x29, 0x0c, 0x43, 0x02, 0x01,
 0xa2, 0x05, 0x00, 0x00, 0x00, 0x04, 0x00, 0x03,
 0x00, 0x08, 0x00, 0x9a, 0x05, 0x60, 0x00, 0xf4,
 0x04, 0x4d, 0x00, 0xac, 0x04, 0x29, 0x00, 0xe4,
 0xe5, 0xe6, 0xf6, 0xe6, 0xba, 0xf8, 0x29, 0x0c,
 0x43, 0x02, 0x01, 0xa4, 0x05, 0x00, 0x00, 0x00,
 0x02, 0x00, 0x02, 0x00, 0x04, 0x00, 0xe2, 0x04,
 0x44, 0x00, 0x96, 0x04, 0x1e, 0x00, 0xe4, 0xe5,
 0xf6, 0x29, 0x0c, 0x43, 0x02, 0x01, 0xa6, 0x05,
 0x00, 0x00, 0x00, 0x03, 0x00, 0x05, 0x00, 0x32,
 0x00, 0xb4, 0x04, 0x2d, 0x00, 0xa6, 0x05, 0x66,
 0x00, 0xec, 0x03, 0x00, 0x1a, 0xd4, 0x05, 0x7d,
 0x00, 0xbe, 0x05, 0x72, 0x00, 0xe4, 0xe5, 0xae,
 0xf1, 0x17, 0x64, 0x02, 0x00, 0x41, 0x9d, 0x01,
 0x00, 0x00, 0x04, 0xa4, 0x01, 0x00, 0x00, 0x24,
 0x01, 0x00, 0x0e, 0xe7, 0xbb, 0xf6, 0x0e, 0x29,
 0x64, 0x02, 0x00, 0x41, 0x9d, 0x01, 0x00, 0x00,
 0x04, 0xbc, 0x01, 0x00, 0x00, 0x24, 0x01, 0x00,
 0x0e, 0x5d, 0x04, 0x00, 0xf5, 0x0e, 0x29, 0x0c,
 0x43, 0x02, 0x01, 0xa8, 0x05, 0x00, 0x00, 0x00,
 0x01, 0x00, 0x02, 0x00, 0x05, 0x00, 0xaa, 0x04,
 0x28, 0x00, 0xac, 0x04, 0x29, 0x00, 0xc7, 0xe8,
 0xbb, 0xe9, 0x29, 0x0c, 0x43, 0x02, 0x01, 0xaa,
 0x05, 0x02, 0x01, 0x02, 0x04, 0x00, 0x02, 0x00,
 0x39, 0x03, 0xfa, 0x06, 0x00, 0x01, 0x00, 0xe8,
 0x06, 0x00, 0x01, 0x00, 0xde, 0x06, 0x00, 0x00,
 0x00, 0xd0, 0x04, 0x3b, 0x00, 0xd2, 0x04, 0x3c,
 0x00, 0xd9, 0xd0, 0xcc, 0xbb, 0xa8, 0xf1, 0x0e,
 0xe4, 0xd8, 0xcc, 0xbc, 0x9e, 0x46, 0xf6, 0xf1,
 0x05, 0x92, 0x00, 0xf3, 0xef, 0xcc, 0xbb, 0xa8,
 0xf1, 0x0e, 0xe5, 0xd8, 0xcc, 0xbc, 0x9e, 0x46,
 0xf6, 0xf1, 0x05, 0x92, 0x00, 0xf3, 0xef, 0xcc,
 0xbb, 0xa8, 0x11, 0xf1, 0x0d, 0x0e, 0xd8, 0xcc,
 0xbc, 0x9e, 0x46, 0x04, 0xbe, 0x01, 0x00, 0x00,
 0xae, 0x28, 0x0c, 0x43, 0x02, 0x01, 0xac, 0x05,
 0x02, 0x01, 0x02, 0x04, 0x00, 0x01, 0x00, 0x1f,
 0x03, 0xfa, 0x06, 0x00, 0x01, 0x00, 0xe8, 0x06,
 0x00, 0x01, 0x00, 0xde, 0x06, 0x00, 0x00, 0x00,
 0xd0, 0x04, 0x3b, 0x00, 0xd9, 0xd0, 0xcc, 0xbb,
 0xa8, 0xf1, 0x0e, 0xe4, 0xd8, 0xcc, 0xbc, 0x9e,
 0x46, 0xf6, 0xf1, 0x05, 0x92, 0x00, 0xf3, 0xef,
 0xd8, 0x41, 0xbf, 0x01, 0x00, 0x00, 0xcc, 0xd9,
 0x25, 0x02, 0x00, 0x0c, 0x43, 0x02, 0x01, 0xae,
 0x05, 0x02, 0x04, 0x02, 0x05, 0x00, 0x07, 0x04,
 0x9e, 0x02, 0x06, 0xfa, 0x06, 0x00, 0x01, 0x00,
 0xde, 0x06, 0x00, 0x01, 0x00, 0x8c, 0x06, 0x00,
 0x00, 0x00, 0x80, 0x07, 0x00, 0x01, 0x00, 0x82,
 0x07, 0x00, 0x02, 0x00, 0x84, 0x07, 0x00, 0x03,
 0x00, 0xf2, 0x03, 0x00, 0x01, 0xd8, 0x05, 0x7f,
 0x00, 0xd0, 0x04, 0x3b, 0x00, 0xac, 0x05, 0x69,
 0x00, 0xf6, 0x03, 0x0e, 0x00, 0xae, 0x05, 0x6a,
 0x00, 0xd8, 0x02, 0x08, 0x00, 0x07, 0x02, 0x20,
 0x07, 0x36, 0x00, 0x00, 0x01, 0x00, 0x13, 0x00,
 0x00, 0x00, 0x0e, 0x06, 0x00, 0x00, 0x00, 0x06,
 0x0d, 0xf5, 0xff, 0xff, 0xff, 0x13, 0x00, 0x01,
 0x20, 0x00, 0x14, 0x00, 0x10, 0x07, 0x1a, 0x5e,
 0x5b, 0x64, 0x67, 0x69, 0x6d, 0x73, 0x75, 0x76,
 0x79, 0x5d, 0x2b, 0x24, 0x07, 0x7c, 0x00, 0x00,
 0x01, 0x00, 0x36, 0x00, 0x00, 0x00, 0x0e, 0x06,
 0x00, 0x00, 0x00, 0x06, 0x0d, 0xf5, 0xff, 0xff,
 0xff, 0x13, 0x00, 0x09, 0x24, 0x07, 0x00, 0x64,
 0x00, 0x64, 0x00, 0x67, 0x00, 0x67, 0x00, 0x69,
 0x00, 0x69, 0x00, 0x6d, 0x00, 0x6d, 0x00, 0x73,
 0x00, 0x73, 0x00, 0x75, 0x00, 0x76, 0x00, 0x79,
 0x00, 0x79, 0x00, 0x0e, 0xdc, 0xff, 0xff, 0xff,
 0x0b, 0x14, 0x00, 0x10, 0xd9, 0xbb, 0xa7, 0xf1,
 0x03, 0xe4, 0x28, 0xd8, 0xd9, 0xbc, 0x9e, 0x46,
 0xd0, 0xd9, 0xbc, 0xae, 0xf1, 0x17, 0xcc, 0x04,
 0xc3, 0x01, 0x00, 0x00, 0xae, 0x11, 0xf2, 0x09,
 0x0e, 0xcc, 0x04, 0xbe, 0x01, 0x00, 0x00, 0xae,
 0xf1, 0x03, 0xe5, 0x28, 0x04, 0xc4, 0x01, 0x00,
 0x00, 0x41, 0xc5, 0x01, 0x00, 0x00, 0xcc, 0x24,
 0x01, 0x00, 0xbb, 0xa9, 0xf1, 0x02, 0x29, 0xcc,
 0x04, 0xbe, 0x01, 0x00, 0x00, 0xae, 0x68, 0xd9,
 0x00, 0x00, 0x00, 0xd9, 0x8e, 0xdd, 0xd8, 0xd9,
 0xbc, 0x9e, 0x46, 0xd4, 0x11, 0x04, 0xc6, 0x01,
 0x00, 0x00, 0xae, 0xf2, 0x13, 0x11, 0x04, 0xc7,
 0x01, 0x00, 0x00, 0xae, 0xf2, 0x0a, 0x11, 0x04,
 0xc8, 0x01, 0x00, 0x00, 0xae, 0xf1, 0x07, 0x04,
 0x89, 0x01, 0x00, 0x00, 0x28, 0x11, 0x04, 0xc9,
 0x01, 0x00, 0x00, 0xae, 0xf1, 0x05, 0x26, 0x00,
 0x00, 0x28, 0x11, 0x04, 0xca, 0x01, 0x00, 0x00,
 0xae, 0xf1, 0x07, 0xc5, 0x00, 0xc5, 0x01, 0x34,
 0x28, 0xe6, 0xcc, 0xf6, 0x68, 0x88, 0x00, 0x00,
 0x00, 0xe7, 0xd8, 0xd9, 0xf7, 0xd1, 0xd9, 0xcd,
 0xf0, 0x9e, 0xd2, 0xcd, 0x04, 0x03, 0x00, 0x00,
 0x00, 0xae, 0x11, 0xf2, 0x09, 0x0e, 0xcd, 0x04,
 0x02, 0x00, 0x00, 0x00, 0xae, 0xf1, 0x03, 0x0a,
 0x28, 0xcd, 0x04, 0x01, 0x00, 0x00, 0x00, 0xae,
 0xf1, 0x03, 0x07, 0x28, 0xcd, 0x04, 0x08, 0x00,
 0x00, 0x00, 0xae, 0xf1, 0x03, 0xe4, 0x28, 0x5d,
 0x04, 0x00, 0xcd, 0x8d, 0xf6, 0xf2, 0x03, 0xbb,
 0x28, 0x5d, 0x05, 0x00, 0xd8, 0xce, 0xf7, 0xd7,
 0xfa, 0x11, 0xf2, 0x04, 0x0e, 0xcf, 0xf9, 0xf1,
 0x03, 0xcf, 0x28, 0xcf, 0xcd, 0x46, 0xfb, 0xf2,
 0x05, 0xcf, 0xcd, 0x46, 0x28, 0xce, 0xbe, 0xa9,
 0xf1, 0x24, 0xd8, 0xce, 0xbc, 0x9e, 0x46, 0x04,
 0xca, 0x01, 0x00, 0x00, 0xae, 0xf1, 0x17, 0xcd,
 0x41, 0xcb, 0x01, 0x00, 0x00, 0xc5, 0x02, 0xc5,
 0x03, 0x34, 0x24, 0x01, 0x00, 0xf1, 0x07, 0x5d,
 0x06, 0x00, 0x23, 0x00, 0x00, 0x0e, 0x0b, 0x28,
 0xe4, 0x28, 0x0c, 0x43, 0x02, 0x01, 0xb0, 0x05,
 0x02, 0x0b, 0x02, 0x06, 0x00, 0x05, 0x01, 0xa2,
 0x02, 0x0d, 0xfa, 0x06, 0x00, 0x01, 0x00, 0xde,
 0x06, 0x00, 0x01, 0x00, 0xf6, 0x06, 0x00, 0x00,
 0x00, 0x84, 0x07, 0x00, 0x01, 0x00, 0x98, 0x07,
 0x00, 0x02, 0x00, 0x9a, 0x07, 0x00, 0x03, 0x00,
 0x86, 0x06, 0x00, 0x04, 0x00, 0xb6, 0x06, 0x00,
 0x05, 0x00, 0x9c, 0x07, 0x00, 0x06, 0x00, 0x9e,
 0x07, 0x04, 0x00, 0x30, 0xa0, 0x07, 0x00, 0x07,
 0x00, 0xa2, 0x07, 0x00, 0x09, 0x00, 0xa4, 0x07,
 0x0d, 0x00, 0x21, 0xac, 0x05, 0x69, 0x00, 0xae,
 0x05, 0x6a, 0x00, 0xaa, 0x05, 0x68, 0x00, 0xfc,
 0x03, 0x11, 0x00, 0xbc, 0x02, 0x00, 0x00, 0x0c,
 0x43, 0x02, 0x01, 0xa4, 0x07, 0x02, 0x00, 0x02,
 0x03, 0x00, 0x00, 0x00, 0x34, 0x02, 0x92, 0x06,
 0x00, 0x01, 0x00, 0xaa, 0x06, 0x00, 0x01, 0x00,
 0xd8, 0xbb, 0x46, 0xd9, 0xbb, 0x46, 0xad, 0xf1,
 0x1b, 0xd8, 0xbb, 0x46, 0x04, 0x8b, 0x01, 0x00,
 0x00, 0xac, 0xf1, 0x03, 0xbc, 0x28, 0xd9, 0xbb,
 0x46, 0x04, 0x8b, 0x01, 0x00, 0x00, 0xac, 0xf1,
 0x03, 0xba, 0x28, 0xd8, 0xd9, 0xa6, 0xf1, 0x03,
 0xba, 0x28, 0xd8, 0xd9, 0xa8, 0xf1, 0x04, 0xbc,
 0x8d, 0x28, 0xbb, 0x28, 0xe4, 0xd8, 0xd9, 0xf7,
 0xd0, 0xe5, 0xd8, 0xd9, 0xcc, 0xf0, 0x9e, 0xf7,
 0xd2, 0x26, 0x00, 0x00, 0xd3, 0xe6, 0xd8, 0xd9,
 0xf7, 0xf2, 0x2b, 0x60, 0x07, 0x00, 0xe7, 0x7e,
 0xf3, 0x1e, 0xc9, 0x07, 0x61, 0x07, 0x00, 0x41,
 0xd3, 0x01, 0x00, 0x00, 0xcc, 0x24, 0x01, 0x00,
 0xf1, 0x0e, 0xcf, 0x41, 0xb2, 0x01, 0x00, 0x00,
 0x61, 0x07, 0x00, 0x24, 0x01, 0x00, 0x0e, 0x81,
 0x00, 0xf1, 0xe0, 0x0e, 0x84, 0xbb, 0xc9, 0x04,
 0xce, 0xd1, 0xc8, 0x04, 0xc3, 0x0a, 0xa6, 0xf1,
 0x6b, 0xcd, 0xfa, 0xf2, 0x67, 0xcd, 0x06, 0xaf,
 0xf1, 0x62, 0x5d, 0x04, 0x00, 0x41, 0xd4, 0x01,
 0x00, 0x00, 0xcd, 0x24, 0x01, 0x00, 0xc9, 0x08,
 0xbb, 0xc9, 0x05, 0xc8, 0x05, 0xc8, 0x08, 0xf0,
 0xa6, 0xf1, 0x38, 0xc8, 0x08, 0xc8, 0x05, 0x46,
 0xca, 0x09, 0x97, 0x04, 0x4c, 0x00, 0x00, 0x00,
 0xac, 0xf1, 0x24, 0xc7, 0xc8, 0x09, 0x8d, 0x9d,
 0xc8, 0x09, 0xad, 0xf1, 0x1a, 0xc8, 0x09, 0x41,
 0xd3, 0x01, 0x00, 0x00, 0xcc, 0x24, 0x01, 0x00,
 0xf1, 0x0d, 0xcf, 0x41, 0xb2, 0x01, 0x00, 0x00,
 0xc8, 0x09, 0x24, 0x01, 0x00, 0x0e, 0x93, 0x05,
 0xf3, 0xc2, 0x5d, 0x04, 0x00, 0x41, 0x67, 0x00,
 0x00, 0x00, 0xcd, 0x24, 0x01, 0x00, 0xd1, 0x93,
 0x04, 0xf3, 0x90, 0xcf, 0xf0, 0xbc, 0xa8, 0xf1,
 0x51, 0xc6, 0x00, 0xc9, 0x0a, 0xc6, 0x00, 0x0e,
 0xcf, 0x41, 0xd5, 0x01, 0x00, 0x00, 0x61, 0x0a,
 0x00, 0x24, 0x01, 0x00, 0x0e, 0xbc, 0xca, 0x05,
 0xc9, 0x04, 0xc8, 0x04, 0xcf, 0xf0, 0xa6, 0xf1,
 0x29, 0xcf, 0xc8, 0x04, 0x46, 0xcf, 0xc8, 0x04,
 0xbc, 0x9e, 0x46, 0xad, 0xf1, 0x18, 0xcf, 0xc8,
 0x05, 0x91, 0xc9, 0x05, 0x1b, 0x11, 0xb0, 0xf2,
 0x04, 0x1b, 0x71, 0x1b, 0x1b, 0xcf, 0xc8, 0x04,
 0x46, 0x1b, 0x71, 0x1b, 0x48, 0x93, 0x04, 0xf3,
 0xd2, 0xcf, 0xc8, 0x05, 0x42, 0x33, 0x00, 0x00,
 0x00, 0x0b, 0xcf, 0x4b, 0x7a, 0x01, 0x00, 0x00,
 0xcc, 0xf0, 0x4b, 0xaf, 0x01, 0x00, 0x00, 0xce,
 0x4b, 0xd6, 0x01, 0x00, 0x00, 0x28, 0x0c, 0x43,
 0x02, 0x01, 0xb2, 0x05, 0x00, 0x0d, 0x00, 0x07,
 0x00, 0x0a, 0x00, 0xa1, 0x03, 0x0d, 0xf4, 0x05,
 0x00, 0x00, 0x00, 0xae, 0x07, 0x00, 0x01, 0x00,
 0xf6, 0x06, 0x00, 0x02, 0x00, 0x86, 0x06, 0x00,
 0x03, 0x00, 0xb6, 0x06, 0x00, 0x04, 0x00, 0xa0,
 0x06, 0x00, 0x05, 0x00, 0xb0, 0x07, 0x00, 0x06,
 0x00, 0xb2, 0x07, 0x00, 0x07, 0x00, 0xb4, 0x07,
 0x00, 0x08, 0x00, 0xb6, 0x07, 0x00, 0x09, 0x00,
 0xb8, 0x07, 0x00, 0x0a, 0x00, 0xba, 0x07, 0x00,
 0x0b, 0x00, 0xbc, 0x07, 0x00, 0x0c, 0x00, 0xb0,
 0x05, 0x6b, 0x00, 0xaa, 0x04, 0x28, 0x00, 0xac,
 0x04, 0x29, 0x00, 0xe2, 0x04, 0x44, 0x00, 0xb4,
 0x04, 0x2d, 0x00, 0xb2, 0x05, 0x6c, 0x00, 0xcc,
 0x02, 0x0b, 0x00, 0xc0, 0x04, 0x33, 0x00, 0xec,
 0x03, 0x00, 0x1a, 0xbe, 0x05, 0x72, 0x00, 0xe4,
 0xe5, 0xe6, 0xf7, 0xd5, 0x40, 0x7a, 0x01, 0x00,
 0x00, 0xd4, 0xf0, 0xbb, 0xae, 0xf1, 0x02, 0x29,
 0xcc, 0xbb, 0x46, 0xd6, 0xf0, 0xc9, 0x05, 0xbc,
 0xd3, 0xcf, 0xcc, 0xf0, 0xa6, 0xf1, 0x2a, 0xcc,
 0xcf, 0x46, 0xc9, 0x06, 0xbb, 0xc9, 0x04, 0xc8,
 0x04, 0xc8, 0x05, 0xa6, 0xf1, 0x17, 0xc8, 0x06,
 0xc8, 0x04, 0x46, 0xce, 0xc8, 0x04, 0x46, 0xaf,
 0xf1, 0x07, 0xc8, 0x04, 0xc9, 0x05, 0xf3, 0x05,
 0x93, 0x04, 0xf3, 0xe4, 0x93, 0x03, 0xf3, 0xd2,
 0xcd, 0x40, 0xaf, 0x01, 0x00, 0x00, 0xd3, 0xcf,
 0xc8, 0x05, 0xa6, 0xf1, 0x0b, 0xe7, 0xce, 0xcf,
 0x46, 0xf6, 0x0e, 0x93, 0x03, 0xf3, 0xf1, 0x5d,
 0x04, 0x00, 0x5d, 0x05, 0x00, 0xae, 0xf1, 0x54,
 0xcc, 0xf0, 0xbc, 0xac, 0xf1, 0x4e, 0xcc, 0xbb,
 0x46, 0xd2, 0xcd, 0x40, 0xd6, 0x01, 0x00, 0x00,
 0xce, 0x46, 0xca, 0x0c, 0xfc, 0xf1, 0x1a, 0xe7,
 0x04, 0xdf, 0x01, 0x00, 0x00, 0xf6, 0x0e, 0xc8,
 0x0c, 0xf0, 0xbb, 0xac, 0xf1, 0x2e, 0xe7, 0x04,
 0xe0, 0x01, 0x00, 0x00, 0xf6, 0x0e, 0xf3, 0x24,
 0xc8, 0x0c, 0x97, 0x04, 0x4d, 0x00, 0x00, 0x00,
 0xac, 0x11, 0xf2, 0x0e, 0x0e, 0xc8, 0x0c, 0xfb,
 0xf1, 0x12, 0xce, 0x04, 0x08, 0x00, 0x00, 0x00,
 0xac, 0xf1, 0x09, 0xe7, 0x04, 0xbe, 0x01, 0x00,
 0x00, 0xf6, 0x0e, 0x5d, 0x04, 0x00, 0x5d, 0x05,
 0x00, 0xae, 0x68, 0xdc, 0x00, 0x00, 0x00, 0xcc,
 0xf0, 0xbd, 0xa9, 0x68, 0xd3, 0x00, 0x00, 0x00,
 0xbb, 0xc9, 0x07, 0xbb, 0xd3, 0xcf, 0xcc, 0xf0,
 0xa6, 0xf1, 0x18, 0x5d, 0x06, 0x00, 0x41, 0xe1,
 0x01, 0x00, 0x00, 0xc8, 0x07, 0xcc, 0xcf, 0x46,
 0xf0, 0x24, 0x02, 0x00, 0xc9, 0x07, 0x93, 0x03,
 0xf3, 0xe4, 0xbd, 0x94, 0x07, 0x5d, 0x06, 0x00,
 0x41, 0xe1, 0x01, 0x00, 0x00, 0xbc, 0x5d, 0x06,
 0x00, 0x41, 0xe2, 0x01, 0x00, 0x00, 0x5d, 0x07,
 0x00, 0xbc, 0x9d, 0xc8, 0x07, 0x9b, 0x24, 0x01,
 0x00, 0x24, 0x02, 0x00, 0xc9, 0x09, 0x5d, 0x06,
 0x00, 0x41, 0xe3, 0x01, 0x00, 0x00, 0xcc, 0xf0,
 0xc8, 0x09, 0x9b, 0x24, 0x01, 0x00, 0xc9, 0x0b,
 0x64, 0x08, 0x00, 0x41, 0x9d, 0x01, 0x00, 0x00,
 0x04, 0xa4, 0x01, 0x00, 0x00, 0x24, 0x01, 0x00,
 0x0e, 0xbb, 0xc9, 0x0a, 0xc8, 0x0a, 0xc8, 0x0b,
 0xa6, 0xf1, 0x58, 0xbb, 0xc9, 0x08, 0xc8, 0x08,
 0xc8, 0x09, 0xa6, 0xf1, 0x39, 0xc8, 0x08, 0xc8,
 0x0b, 0x9a, 0xc8, 0x0a, 0x9d, 0xd7, 0xcc, 0xf0,
 0xa9, 0xf2, 0x2b, 0xcc, 0xcf, 0x46, 0xd2, 0xc8,
 0x08, 0xc8, 0x09, 0xbc, 0x9e, 0xad, 0xf1, 0x0d,
 0xce, 0x41, 0xe4, 0x01, 0x00, 0x00, 0xc8, 0x07,
 0x24, 0x01, 0x00, 0xd2, 0x64, 0x08, 0x00, 0x41,
 0x9d, 0x01, 0x00, 0x00, 0xce, 0x24, 0x01, 0x00,
 0x0e, 0x93, 0x08, 0xf3, 0xc2, 0x64, 0x08, 0x00,
 0x41, 0x9d, 0x01, 0x00, 0x00, 0x04, 0xa4, 0x01,
 0x00, 0x00, 0x24, 0x01, 0x00, 0x0e, 0x93, 0x0a,
 0xf3, 0xa3, 0x5d, 0x09, 0x00, 0xf5, 0x0e, 0x29,
 0x0c, 0x43, 0x02, 0x01, 0xb6, 0x05, 0x02, 0x01,
 0x02, 0x02, 0x00, 0x00, 0x00, 0x10, 0x03, 0x9e,
 0x06, 0x00, 0x01, 0x00, 0xca, 0x07, 0x00, 0x01,
 0x00, 0xae, 0x07, 0x00, 0x00, 0x00, 0xc7, 0xd0,
 0xd9, 0x90, 0xdd, 0xbb, 0xa8, 0xf1, 0x06, 0xd8,
 0x94, 0x00, 0xf3, 0xf5, 0xcc, 0x28, 0x0c, 0x43,
 0x02, 0x01, 0xbe, 0x05, 0x00, 0x00, 0x00, 0x03,
 0x00, 0x07, 0x00, 0x1e, 0x00, 0xec, 0x03, 0x00,
 0x1a, 0x9a, 0x04, 0x20, 0x00, 0xd4, 0x04, 0x3d,
 0x00, 0xc0, 0x04, 0x33, 0x00, 0xc2, 0x04, 0x34,
 0x00, 0xae, 0x04, 0x2a, 0x00, 0xb0, 0x04, 0x2b,
 0x00, 0x64, 0x00, 0x00, 0x41, 0x9d, 0x01, 0x00,
 0x00, 0xe5, 0x24, 0x01, 0x00, 0x0e, 0xe6, 0xe5,
 0xf6, 0xe7, 0x9c, 0x5e, 0x04, 0x00, 0xc7, 0x5e,
 0x05, 0x00, 0xbb, 0x5e, 0x06, 0x00, 0x29, 0x0c,
 0x43, 0x02, 0x01, 0xc0, 0x05, 0x02, 0x01, 0x02,
 0x05, 0x00, 0x11, 0x00, 0x80, 0x01, 0x03, 0xcc,
 0x07, 0x00, 0x01, 0x00, 0xce, 0x07, 0x00, 0x01,
 0x00, 0xb0, 0x07, 0x00, 0x00, 0x00, 0xaa, 0x04,
 0x28, 0x00, 0xac, 0x04, 0x29, 0x00, 0x92, 0x04,
 0x1c, 0x00, 0x94, 0x04, 0x1d, 0x00, 0xbc, 0x05,
 0x71, 0x00, 0x98, 0x04, 0x1f, 0x00, 0x9a, 0x04,
 0x20, 0x00, 0xa6, 0x04, 0x26, 0x00, 0xb6, 0x05,
 0x6e, 0x00, 0x9c, 0x04, 0x21, 0x00, 0xa0, 0x04,
 0x23, 0x00, 0x86, 0x04, 0x16, 0x00, 0xa4, 0x04,
 0x25, 0x00, 0x9e, 0x04, 0x22, 0x00, 0xbe, 0x05,
 0x72, 0x00, 0xe0, 0x04, 0x43, 0x00, 0xba, 0x05,
 0x70, 0x00, 0xd8, 0x11, 0xf2, 0x03, 0x0e, 0xc7,
 0xec, 0xf0, 0xe9, 0xe6, 0xf0, 0xeb, 0xd9, 0x5e,
 0x04, 0x00, 0x5d, 0x05, 0x00, 0x5e, 0x06, 0x00,
 0x5d, 0x07, 0x00, 0xf1, 0x22, 0x5d, 0x06, 0x00,
 0x5d, 0x08, 0x00, 0x04, 0xe8, 0x01, 0x00, 0x00,
 0x5d, 0x09, 0x00, 0x5d, 0x06, 0x00, 0xf0, 0x9e,
 0xf7, 0x9d, 0x5f, 0x06, 0x00, 0x5d, 0x0a, 0x00,
 0x9d, 0x5e, 0x06, 0x00, 0xf3, 0x36, 0x5d, 0x0b,
 0x00, 0xf1, 0x20, 0x5d, 0x0c, 0x00, 0xc4, 0xe8,
 0x03, 0x9b, 0xd0, 0x5d, 0x06, 0x00, 0xcc, 0x41,
 0xe9, 0x01, 0x00, 0x00, 0xc1, 0x24, 0x01, 0x00,
 0x04, 0xe8, 0x01, 0x00, 0x00, 0x9d, 0x9d, 0x5e,
 0x06, 0x00, 0x5d, 0x06, 0x00, 0xf0, 0x5e, 0x09,
 0x00, 0x5d, 0x06, 0x00, 0x5d, 0x0d, 0x00, 0x9d,
 0x5e, 0x06, 0x00, 0x5d, 0x0e, 0x00, 0xf5, 0x0e,
 0x5d, 0x0f, 0x00, 0xf5, 0x0e, 0xbb, 0x5e, 0x10,
 0x00, 0x29, 0x0c, 0x43, 0x02, 0x01, 0xc2, 0x05,
 0x01, 0x01, 0x01, 0x03, 0x00, 0x04, 0x02, 0x85,
 0x01, 0x02, 0xd4, 0x07, 0x00, 0x01, 0x00, 0x8c,
 0x06, 0x00, 0x00, 0x00, 0xc4, 0x02, 0x01, 0x00,
 0xba, 0x05, 0x70, 0x00, 0xb8, 0x05, 0x6f, 0x00,
 0xc4, 0x05, 0x75, 0x00, 0x07, 0x02, 0x30, 0x07,
 0x02, 0x39, 0xe4, 0x41, 0xeb, 0x01, 0x00, 0x00,
 0xd8, 0x24, 0x01, 0x00, 0xd0, 0xe5, 0x11, 0xbb,
 0xae, 0xf1, 0x14, 0xcc, 0x04, 0xec, 0x01, 0x00,
 0x00, 0xac, 0xf1, 0x06, 0xcc, 0xea, 0xbc, 0xe9,
 0x29, 0xe7, 0xcc, 0xf6, 0x0e, 0x29, 0x11, 0xbc,
 0xae, 0xf1, 0x24, 0xe6, 0xcc, 0x9d, 0xea, 0xcc,
 0x04, 0xed, 0x01, 0x00, 0x00, 0xac, 0xf1, 0x04,
 0xbd, 0xe9, 0x29, 0xcc, 0x04, 0xee, 0x01, 0x00,
 0x00, 0xac, 0xf1, 0x04, 0xbe, 0xe9, 0x29, 0xe7,
 0xe6, 0xf6, 0x0e, 0xbb, 0xe9, 0x29, 0x11, 0xbd,
 0xae, 0xf1, 0x25, 0xe6, 0xcc, 0x9d, 0xea, 0xcc,
 0x04, 0xef, 0x01, 0x00, 0x00, 0xac, 0x11, 0xf2,
 0x0e, 0x0e, 0xcc, 0xc5, 0x00, 0xa9, 0x11, 0xf1,
 0x06, 0x0e, 0xcc, 0xc5, 0x01, 0xa7, 0xf2, 0x17,
 0xe7, 0xe6, 0xf6, 0x0e, 0xbb, 0xe9, 0x29, 0x11,
 0xbe, 0xae, 0xf1, 0x0b, 0xe6, 0xcc, 0x9d, 0xea,
 0xe7, 0xe6, 0xf6, 0x0e, 0xbb, 0xe9, 0x29, 0x0c,
 0x43, 0x02, 0x01, 0xc4, 0x05, 0x01, 0x01, 0x01,
 0x05, 0x00, 0x0e, 0x00, 0xb6, 0x01, 0x02, 0x62,
 0x00, 0x01, 0x00, 0xe0, 0x07, 0x00, 0x00, 0x00,
 0xb6, 0x04, 0x2e, 0x00, 0xd4, 0x04, 0x3d, 0x00,
 0xe2, 0x04, 0x44, 0x00, 0xb4, 0x05, 0x6d, 0x00,
 0xb2, 0x04, 0x2c, 0x00, 0xbc, 0x05, 0x71, 0x00,
 0xaa, 0x04, 0x28, 0x00, 0xee, 0x03, 0x01, 0x1a,
 0xbc, 0x04, 0x31, 0x00, 0xee, 0x05, 0x8a, 0x01,
 0x00, 0xb4, 0x04, 0x2d, 0x00, 0xe8, 0x04, 0x47,
 0x00, 0xac, 0x04, 0x29, 0x00, 0xe0, 0x04, 0x43,
 0x00, 0xe4, 0xf1, 0x11, 0xe5, 0xd8, 0xf6, 0xbc,
 0xae, 0xf1, 0x05, 0xe6, 0xd8, 0xf6, 0x0e, 0x09,
 0xe8, 0xf4, 0x80, 0x00, 0xe7, 0xd8, 0x46, 0xd4,
 0xf1, 0x5a, 0xcc, 0x5e, 0x04, 0x00, 0xcc, 0xd8,
 0xf6, 0x11, 0xba, 0xae, 0xf1, 0x09, 0x5d, 0x05,
 0x00, 0x5d, 0x06, 0x00, 0xf6, 0x29, 0x11, 0xc3,
 0xfe, 0xae, 0xf1, 0x07, 0x5d, 0x05, 0x00, 0x07,
 0xf6, 0x29, 0x11, 0xc3, 0xfd, 0xae, 0xf1, 0x2b,
 0x64, 0x07, 0x00, 0x41, 0x7f, 0x01, 0x00, 0x00,
 0x64, 0x07, 0x00, 0x40, 0x80, 0x01, 0x00, 0x00,
 0x07, 0x24, 0x02, 0x00, 0x0e, 0x64, 0x07, 0x00,
 0x41, 0x81, 0x01, 0x00, 0x00, 0x5d, 0x08, 0x00,
 0x07, 0x24, 0x02, 0x00, 0x0e, 0x5d, 0x09, 0x00,
 0xf5, 0x29, 0x0e, 0x5d, 0x04, 0x00, 0x5e, 0x0a,
 0x00, 0xf3, 0x20, 0xe5, 0xd8, 0xf6, 0xbc, 0xae,
 0xf1, 0x14, 0xd8, 0x04, 0xe8, 0x01, 0x00, 0x00,
 0xa9, 0xf1, 0x0b, 0xe6, 0xd8, 0xf6, 0x0e, 0xe6,
 0x5e, 0x0a, 0x00, 0xf3, 0x06, 0x5d, 0x0b, 0x00,
 0xf5, 0x0e, 0x5d, 0x0c, 0x00, 0xbb, 0xa6, 0xf1,
 0x04, 0xbb, 0xf3, 0x14, 0x5d, 0x0c, 0x00, 0x5d,
 0x06, 0x00, 0xf0, 0xa8, 0xf1, 0x07, 0x5d, 0x06,
 0x00, 0xf0, 0xf3, 0x04, 0x5d, 0x0c, 0x00, 0x5e,
 0x0c, 0x00, 0x5d, 0x0d, 0x00, 0xf5, 0x29, 0x0c,
 0x43, 0x02, 0x01, 0xc6, 0x05, 0x02, 0x01, 0x02,
 0x05, 0x00, 0x02, 0x01, 0x6f, 0x03, 0x92, 0x06,
 0x00, 0x01, 0x00, 0xe2, 0x07, 0x00, 0x01, 0x00,
 0xf6, 0x06, 0x00, 0x00, 0x00, 0xf4, 0x03, 0x0d,
 0x00, 0xcc, 0x02, 0x0b, 0x00, 0x07, 0x02, 0x30,
 0xe4, 0xd8, 0xf6, 0xf2, 0x0a, 0xd8, 0x41, 0x3b,
 0x00, 0x00, 0x00, 0x25, 0x00, 0x00, 0xd8, 0xbb,
 0xac, 0xf1, 0x15, 0xbc, 0xd8, 0x9b, 0xbb, 0xa6,
 0xf1, 0x09, 0x04, 0xf2, 0x01, 0x00, 0x00, 0xd0,
 0xf3, 0x4c, 0xc5, 0x00, 0xd0, 0xf3, 0x47, 0xd9,
 0xc3, 0x10, 0xac, 0xf1, 0x37, 0xd8, 0xe5, 0x41,
 0xe2, 0x01, 0x00, 0x00, 0xd8, 0x24, 0x01, 0x00,
 0xae, 0xf1, 0x29, 0xd8, 0xbb, 0xa6, 0xf1, 0x0c,
 0xd8, 0x8c, 0xdc, 0x04, 0xf3, 0x01, 0x00, 0x00,
 0xd0, 0xf3, 0x03, 0xc7, 0xd0, 0xcc, 0x04, 0xf4,
 0x01, 0x00, 0x00, 0xd8, 0x41, 0x3b, 0x00, 0x00,
 0x00, 0xc3, 0x10, 0x24, 0x01, 0x00, 0x9d, 0x9d,
 0xd0, 0xf3, 0x0b, 0xd8, 0x41, 0x3b, 0x00, 0x00,
 0x00, 0x24, 0x00, 0x00, 0xd0, 0xcc, 0x28, 0x0c,
 0x43, 0x02, 0x01, 0xc8, 0x05, 0x02, 0x01, 0x02,
 0x05, 0x00, 0x00, 0x00, 0x40, 0x03, 0x92, 0x06,
 0x00, 0x01, 0x00, 0xe2, 0x07, 0x00, 0x01, 0x00,
 0xf6, 0x06, 0x00, 0x00, 0x00, 0xd9, 0xc3, 0x10,
 0xac, 0xf1, 0x29, 0xd8, 0xbb, 0xa6, 0xf1, 0x0c,
 0xd8, 0x8c, 0xdc, 0x04, 0xf3, 0x01, 0x00, 0x00,
 0xd0, 0xf3, 0x03, 0xc7, 0xd0, 0xcc, 0x04, 0xf4,
 0x01, 0x00, 0x00, 0xd8, 0x41, 0x3b, 0x00, 0x00,
 0x00, 0xc3, 0x10, 0x24, 0x01, 0x00, 0x9d, 0x9d,
 0xd0, 0xf3, 0x0b, 0xd8, 0x41, 0x3b, 0x00, 0x00,
 0x00, 0x24, 0x00, 0x00, 0xd0, 0xcc, 0x04, 0xa0,
 0x01, 0x00, 0x00, 0x9d, 0x28, 0x0c, 0x43, 0x02,
 0x01, 0x00, 0x04, 0x18, 0x04, 0x06, 0x19, 0x12,
 0x0e, 0xea, 0x01, 0x1c, 0xea, 0x07, 0x00, 0x01,
 0x00, 0x8a, 0x04, 0x00, 0x01, 0x40, 0x0a, 0xec,
 0x07, 0x00, 0x01, 0x40, 0x07, 0xee, 0x07, 0x00,
 0x01, 0x40, 0x0d, 0xf0, 0x07, 0x00, 0x00, 0x00,
 0x8c, 0x01, 0x00, 0x01, 0x00, 0xf2, 0x07, 0x00,
 0x02, 0x40, 0x15, 0xf4, 0x07, 0x00, 0x03, 0x40,
 0x09, 0xf6, 0x07, 0x00, 0x04, 0x40, 0x0c, 0xf8,
 0x07, 0x00, 0x05, 0x40, 0x02, 0xfa, 0x07, 0x00,
 0x06, 0x40, 0x04, 0x72, 0x00, 0x07, 0x40, 0x05,
 0xfc, 0x07, 0x00, 0x08, 0x40, 0x00, 0xfe, 0x07,
 0x00, 0x09, 0x40, 0x0f, 0x80, 0x08, 0x00, 0x0a,
 0x40, 0x0e, 0x82, 0x08, 0x00, 0x0b, 0x40, 0x03,
 0x84, 0x08, 0x00, 0x0c, 0x40, 0x01, 0x86, 0x08,
 0x00, 0x0d, 0x40, 0x0b, 0x88, 0x08, 0x00, 0x0e,
 0x40, 0x06, 0x8a, 0x08, 0x00, 0x0f, 0x40, 0x08,
 0x8c, 0x08, 0x00, 0x10, 0x40, 0x10, 0x8e, 0x08,
 0x00, 0x11, 0x40, 0x13, 0x90, 0x08, 0x00, 0x12,
 0x40, 0x14, 0x92, 0x08, 0x00, 0x13, 0x40, 0x11,
 0x94, 0x08, 0x00, 0x14, 0x40, 0x12, 0x96, 0x08,
 0x00, 0x15, 0x40, 0x16, 0x98, 0x08, 0x00, 0x16,
 0x40, 0x17, 0x9a, 0x08, 0x00, 0x17, 0x40, 0x18,
 0xf8, 0x03, 0x0f, 0x00, 0xce, 0x02, 0x0c, 0x00,
 0xbc, 0x02, 0x00, 0x00, 0xc6, 0x05, 0x76, 0x00,
 0x8e, 0x04, 0x1a, 0x00, 0xc8, 0x05, 0x77, 0x00,
 0xc4, 0x02, 0x01, 0x00, 0xd0, 0x02, 0x07, 0x00,
 0xd8, 0x02, 0x08, 0x00, 0xc6, 0x02, 0x03, 0x00,
 0xc2, 0x02, 0x02, 0x00, 0xf8, 0x02, 0x04, 0x00,
 0xbe, 0x02, 0x06, 0x00, 0xe2, 0x02, 0x05, 0x00,
 0xfe, 0x03, 0x12, 0x00, 0x82, 0x04, 0x14, 0x00,
 0xcc, 0x02, 0x0b, 0x00, 0xc0, 0x04, 0x33, 0x00,
 0x0c, 0x43, 0x02, 0x01, 0x8c, 0x01, 0x02, 0x00,
 0x02, 0x01, 0x00, 0x01, 0x00, 0x0e, 0x02, 0x9c,
 0x08, 0x00, 0x01, 0x00, 0x9e, 0x08, 0x00, 0x01,
 0x00, 0xf8, 0x03, 0x00, 0x02, 0xd8, 0xfb, 0xf1,
 0x03, 0xd9, 0x28, 0xd8, 0xfa, 0xf1, 0x03, 0xe4,
 0x28, 0xd8, 0x28, 0x0c, 0x43, 0x02, 0x01, 0x82,
 0x08, 0x01, 0x00, 0x01, 0x04, 0x00, 0x01, 0x00,
 0x54, 0x01, 0xf6, 0x06, 0x00, 0x01, 0x00, 0xce,
 0x02, 0x01, 0x02, 0xd8, 0x41, 0x8e, 0x01, 0x00,
 0x00, 0x04, 0xc6, 0x01, 0x00, 0x00, 0x24, 0x01,
 0x00, 0xf1, 0x0b, 0xe4, 0x41, 0x10, 0x02, 0x00,
 0x00, 0xd8, 0x25, 0x01, 0x00, 0xe4, 0x41, 0x10,
 0x02, 0x00, 0x00, 0xd8, 0x24, 0x01, 0x00, 0x41,
 0xbf, 0x01, 0x00, 0x00, 0xbc, 0xba, 0x24, 0x02,
 0x00, 0x41, 0x11, 0x02, 0x00, 0x00, 0x04, 0x12,
 0x02, 0x00, 0x00, 0x04, 0xc7, 0x01, 0x00, 0x00,
 0x24, 0x02, 0x00, 0xdc, 0x04, 0xc6, 0x01, 0x00,
 0x00, 0x41, 0x64, 0x00, 0x00, 0x00, 0xd8, 0x04,
 0xc6, 0x01, 0x00, 0x00, 0x25, 0x02, 0x00, 0x0c,
 0x43, 0x02, 0x01, 0x84, 0x08, 0x01, 0x00, 0x01,
 0x04, 0x00, 0x01, 0x00, 0x0d, 0x01, 0xf6, 0x06,
 0x00, 0x01, 0x00, 0xfc, 0x07, 0x08, 0x00, 0xe4,
 0x41, 0xb2, 0x01, 0x00, 0x00, 0xc7, 0xd8, 0x9d,
 0x24, 0x01, 0x00, 0x29, 0x0c, 0x43, 0x02, 0x01,
 0x86, 0x08, 0x01, 0x00, 0x01, 0x04, 0x00, 0x01,
 0x00, 0x0c, 0x01, 0xf6, 0x06, 0x00, 0x01, 0x00,
 0xfc, 0x07, 0x08, 0x00, 0xe4, 0xe4, 0xf0, 0xbc,
 0x9e, 0x72, 0x13, 0x46, 0xd8, 0x9d, 0x48, 0x29,
 0x0c, 0x43, 0x02, 0x01, 0x88, 0x08, 0x01, 0x00,
 0x01, 0x04, 0x00, 0x01, 0x00, 0x1f, 0x01, 0xa6,
 0x08, 0x00, 0x01, 0x00, 0xbc, 0x02, 0x02, 0x02,
 0xe4, 0x40, 0x3f, 0x00, 0x00, 0x00, 0x40, 0x3b,
 0x00, 0x00, 0x00, 0x41, 0x14, 0x02, 0x00, 0x00,
 0xd8, 0x24, 0x01, 0x00, 0x41, 0xbf, 0x01, 0x00,
 0x00, 0xc3, 0x08, 0xba, 0x25, 0x02, 0x00, 0x0c,
 0x43, 0x02, 0x01, 0x8a, 0x08, 0x02, 0x13, 0x02,
 0x09, 0x00, 0x1a, 0x02, 0xd8, 0x0b, 0x15, 0x92,
 0x06, 0x00, 0x01, 0x00, 0xa8, 0x04, 0x00, 0x01,
 0x00, 0xc0, 0x06, 0x00, 0x00, 0x00, 0xaa, 0x08,
 0x00, 0x01, 0x00, 0x86, 0x06, 0x00, 0x02, 0x00,
 0xac, 0x08, 0x00, 0x03, 0x00, 0x62, 0x00, 0x04,
 0x00, 0xae, 0x08, 0x00, 0x05, 0x00, 0xb0, 0x08,
 0x00, 0x06, 0x00, 0xb2, 0x08, 0x00, 0x07, 0x00,
 0xb4, 0x08, 0x00, 0x08, 0x00, 0xb6, 0x08, 0x00,
 0x09, 0x00, 0xb8, 0x08, 0x00, 0x0a, 0x00, 0xba,
 0x08, 0x00, 0x0b, 0x00, 0xbc, 0x08, 0x00, 0x0c,
 0x00, 0xbe, 0x08, 0x00, 0x0d, 0x00, 0xc0, 0x08,
 0x00, 0x0e, 0x00, 0xa0, 0x06, 0x00, 0x0f, 0x00,
 0xb2, 0x06, 0x00, 0x10, 0x00, 0xc2, 0x08, 0x00,
 0x11, 0x00, 0xc4, 0x08, 0x00, 0x12, 0x00, 0x84,
 0x08, 0x0c, 0x00, 0xc6, 0x05, 0x03, 0x02, 0x8e,
 0x04, 0x04, 0x02, 0xc8, 0x05, 0x05, 0x02, 0xf8,
 0x07, 0x05, 0x00, 0x82, 0x08, 0x0b, 0x00, 0xc4,
 0x02, 0x06, 0x02, 0xfa, 0x07, 0x06, 0x00, 0x72,
 0x07, 0x00, 0xfc, 0x07, 0x08, 0x00, 0x88, 0x08,
 0x0e, 0x00, 0xd0, 0x02, 0x07, 0x02, 0xce, 0x02,
 0x01, 0x02, 0xd8, 0x02, 0x08, 0x02, 0xc6, 0x02,
 0x09, 0x02, 0xc2, 0x02, 0x0a, 0x02, 0xf8, 0x02,
 0x0b, 0x02, 0xbe, 0x02, 0x0c, 0x02, 0xe2, 0x02,
 0x0d, 0x02, 0xec, 0x07, 0x02, 0x01, 0x8a, 0x08,
 0x0f, 0x00, 0xf4, 0x07, 0x03, 0x00, 0x8a, 0x04,
 0x01, 0x01, 0xbc, 0x02, 0x02, 0x02, 0x86, 0x08,
 0x0d, 0x00, 0xf6, 0x07, 0x04, 0x00, 0x07, 0x32,
 0x5e, 0x5b, 0x61, 0x2d, 0x7a, 0x41, 0x2d, 0x5a,
 0x5f, 0x24, 0x5d, 0x5b, 0x30, 0x2d, 0x39, 0x61,
 0x2d, 0x7a, 0x41, 0x2d, 0x5a, 0x5f, 0x24, 0x5d,
 0x2a, 0x07, 0x9a, 0x01, 0x00, 0x00, 0x01, 0x00,
 0x45, 0x00, 0x00, 0x00, 0x0e, 0x06, 0x00, 0x00,
 0x00, 0x06, 0x0d, 0xf5, 0xff, 0xff, 0xff, 0x13,
 0x00, 0x09, 0x24, 0x04, 0x00, 0x24, 0x00, 0x24,
 0x00, 0x41, 0x00, 0x5a, 0x00, 0x5f, 0x00, 0x5f,
 0x00, 0x61, 0x00, 0x7a, 0x00, 0x0f, 0x1c, 0x00,
 0x00, 0x00, 0x24, 0x05, 0x00, 0x24, 0x00, 0x24,
 0x00, 0x30, 0x00, 0x39, 0x00, 0x41, 0x00, 0x5a,
 0x00, 0x5f, 0x00, 0x5f, 0x00, 0x61, 0x00, 0x7a,
 0x00, 0x0d, 0xdf, 0xff, 0xff, 0xff, 0x14, 0x00,
 0x10, 0xd8, 0x97, 0xca, 0x06, 0x11, 0x04, 0x49,
 0x00, 0x00, 0x00, 0xae, 0xf2, 0x0a, 0x11, 0x04,
 0x4b, 0x00, 0x00, 0x00, 0xae, 0xf1, 0x06, 0xe4,
 0xd8, 0xf6, 0x0e, 0x29, 0x11, 0x04, 0x4a, 0x00,
 0x00, 0x00, 0xae, 0xf1, 0x11, 0xe4, 0xe5, 0xd8,
 0xe6, 0xf1, 0x05, 0xc3, 0x10, 0xf3, 0x03, 0xc3,
 0x0a, 0xf7, 0xf6, 0x0e, 0x29, 0x11, 0x04, 0x96,
 0x00, 0x00, 0x00, 0xae, 0xf1, 0x11, 0xe4, 0xe7,
 0xd8, 0xe6, 0xf1, 0x05, 0xc3, 0x10, 0xf3, 0x03,
 0xc3, 0x0a, 0xf7, 0xf6, 0x0e, 0x29, 0x11, 0x04,
 0x4c, 0x00, 0x00, 0x00, 0xae, 0xf1, 0x26, 0xd8,
 0xf0, 0x5d, 0x04, 0x00, 0xa8, 0xf1, 0x15, 0xd8,
 0x41, 0x9f, 0x01, 0x00, 0x00, 0xbb, 0x5d, 0x04,
 0x00, 0x24, 0x02, 0x00, 0x04, 0x23, 0x02, 0x00,
 0x00, 0x9d, 0xdc, 0xe4, 0x5d, 0x05, 0x00, 0xd8,
 0xf6, 0xf6, 0x0e, 0x29, 0x11, 0x04, 0x4e, 0x00,
 0x00, 0x00, 0xae, 0xf1, 0x0a, 0xe4, 0x5d, 0x06,
 0x00, 0xd8, 0xf6, 0xf6, 0x0e, 0x29, 0x11, 0x04,
 0x4d, 0x00, 0x00, 0x00, 0xae, 0xf2, 0x0d, 0x11,
 0x04, 0x1b, 0x00, 0x00, 0x00, 0xae, 0x68, 0x31,
 0x05, 0x00, 0x00, 0xd8, 0xfa, 0xf1, 0x06, 0xe4,
 0xd8, 0xf6, 0x0e, 0x29, 0x5d, 0x07, 0x00, 0x41,
 0xc5, 0x01, 0x00, 0x00, 0xd8, 0x24, 0x01, 0x00,
 0xd4, 0xbb, 0xa9, 0xf1, 0x18, 0xe4, 0x04, 0x24,
 0x02, 0x00, 0x00, 0x41, 0x64, 0x00, 0x00, 0x00,
 0xcc, 0x04, 0xc9, 0x01, 0x00, 0x00, 0x24, 0x02,
 0x00, 0xf6, 0x0e, 0x29, 0x5d, 0x08, 0x00, 0x41,
 0xc5, 0x01, 0x00, 0x00, 0xd8, 0x24, 0x01, 0x00,
 0xd4, 0xbb, 0xa9, 0xf1, 0x2c, 0xe4, 0x04, 0x24,
 0x02, 0x00, 0x00, 0x41, 0x64, 0x00, 0x00, 0x00,
 0x5d, 0x07, 0x00, 0xf0, 0x04, 0xc9, 0x01, 0x00,
 0x00, 0x24, 0x02, 0x00, 0xf6, 0x0e, 0x5d, 0x07,
 0x00, 0x41, 0xb2, 0x01, 0x00, 0x00, 0x5d, 0x08,
 0x00, 0xcc, 0x46, 0x24, 0x01, 0x00, 0x0e, 0x29,
 0x5d, 0x09, 0x00, 0xf0, 0xc9, 0x0c, 0x5d, 0x0a,
 0x00, 0xd8, 0xf6, 0xc9, 0x0d, 0x5d, 0x08, 0x00,
 0x41, 0xb2, 0x01, 0x00, 0x00, 0xd8, 0x24, 0x01,
 0x00, 0x0e, 0xd8, 0x5d, 0x0b, 0x00, 0xaa, 0xf1,
 0x28, 0xe4, 0x04, 0x25, 0x02, 0x00, 0x00, 0x41,
 0x64, 0x00, 0x00, 0x00, 0x5d, 0x0c, 0x00, 0x41,
 0x10, 0x02, 0x00, 0x00, 0xd8, 0x41, 0x26, 0x02,
 0x00, 0x00, 0x24, 0x00, 0x00, 0x24, 0x01, 0x00,
 0x24, 0x01, 0x00, 0xf6, 0x0e, 0xf4, 0xad, 0x01,
 0xd8, 0x5d, 0x0d, 0x00, 0xaa, 0xf1, 0x10, 0xe4,
 0xd8, 0x41, 0x3b, 0x00, 0x00, 0x00, 0x24, 0x00,
 0x00, 0xf6, 0x0e, 0xf4, 0x97, 0x01, 0xd8, 0x5d,
 0x0e, 0x00, 0xaa, 0x11, 0xf2, 0x10, 0x0e, 0xd8,
 0x5d, 0x0f, 0x00, 0xaa, 0x11, 0xf2, 0x07, 0x0e,
 0xd8, 0x5d, 0x10, 0x00, 0xaa, 0xf1, 0x21, 0xe4,
 0x04, 0xed, 0x01, 0x00, 0x00, 0x41, 0x64, 0x00,
 0x00, 0x00, 0xc8, 0x0d, 0x04, 0x27, 0x02, 0x00,
 0x00, 0xd8, 0x04, 0xc9, 0x01, 0x00, 0x00, 0x24,
 0x04, 0x00, 0xf6, 0x0e, 0xf4, 0x5e, 0x01, 0xd8,
 0x5d, 0x06, 0x00, 0xaa, 0xf1, 0x2c, 0xe4, 0x04,
 0xed, 0x01, 0x00, 0x00, 0x41, 0x64, 0x00, 0x00,
 0x00, 0xc8, 0x0d, 0x04, 0x27, 0x02, 0x00, 0x00,
 0x5d, 0x05, 0x00, 0xd8, 0xf6, 0x04, 0xc9, 0x01,
 0x00, 0x00, 0x24, 0x04, 0x00, 0xf6, 0x0e, 0xd8,
 0xf0, 0xc9, 0x0f, 0xbc, 0xc9, 0x08, 0xf4, 0x2c,
 0x01, 0x5d, 0x11, 0x00, 0x41, 0x28, 0x02, 0x00,
 0x00, 0xd8, 0x24, 0x01, 0x00, 0xf1, 0x0f, 0xe4,
 0x04, 0xed, 0x01, 0x00, 0x00, 0xf6, 0x0e, 0xbc,
 0xc9, 0x07, 0xf4, 0x10, 0x01, 0xc8, 0x0d, 0x41,
 0x8e, 0x01, 0x00, 0x00, 0x04, 0x9f, 0x00, 0x00,
 0x00, 0x24, 0x01, 0x00, 0xf1, 0x2d, 0xd8, 0x5d,
 0x12, 0x00, 0x40, 0x48, 0x00, 0x00, 0x00, 0xaa,
 0xf1, 0x21, 0xe4, 0xc7, 0x41, 0x64, 0x00, 0x00,
 0x00, 0xc8, 0x0d, 0x04, 0xdf, 0x01, 0x00, 0x00,
 0xd8, 0xf0, 0x04, 0x29, 0x02, 0x00, 0x00, 0x24,
 0x04, 0x00, 0xf6, 0x0e, 0xbc, 0xc9, 0x07, 0xf4,
 0xd3, 0x00, 0xc8, 0x06, 0x04, 0x1b, 0x00, 0x00,
 0x00, 0xae, 0xf1, 0x32, 0xd8, 0x40, 0x3a, 0x00,
 0x00, 0x00, 0xf1, 0x1f, 0xe4, 0x04, 0x2a, 0x02,
 0x00, 0x00, 0x41, 0x64, 0x00, 0x00, 0x00, 0xd8,
 0x40, 0x3a, 0x00, 0x00, 0x00, 0x04, 0xc9, 0x01,
 0x00, 0x00, 0x24, 0x02, 0x00, 0xf6, 0x0e, 0xf4,
 0xa3, 0x00, 0xe4, 0x04, 0x2b, 0x02, 0x00, 0x00,
 0xf6, 0x0e, 0xf4, 0x98, 0x00, 0xd8, 0x40, 0x40,
 0x00, 0x00, 0x00, 0x11, 0xf1, 0x0d, 0x0e, 0xd8,
 0x40, 0x40, 0x00, 0x00, 0x00, 0x40, 0x3a, 0x00,
 0x00, 0x00, 0x11, 0xf2, 0x07, 0x0e, 0x04, 0x9e,
 0x00, 0x00, 0x00, 0xc9, 0x0e, 0xc8, 0x0d, 0x04,
 0x9e, 0x00, 0x00, 0x00, 0xaf, 0xf1, 0x1d, 0xe4,
 0xc7, 0x41, 0x64, 0x00, 0x00, 0x00, 0xc8, 0x0e,
 0x04, 0x2c, 0x02, 0x00, 0x00, 0xc8, 0x0d, 0x04,
 0x2d, 0x02, 0x00, 0x00, 0x24, 0x04, 0x00, 0xf6,
 0x0e, 0xf3, 0x4a, 0xd8, 0x40, 0x48, 0x00, 0x00,
 0x00, 0xfa, 0xf1, 0x1a, 0xe4, 0x04, 0xed, 0x01,
 0x00, 0x00, 0x41, 0x64, 0x00, 0x00, 0x00, 0xc8,
 0x0e, 0x04, 0x2e, 0x02, 0x00, 0x00, 0x24, 0x02,
 0x00, 0xf6, 0x0e, 0xf3, 0x28, 0xc8, 0x0e, 0x04,
 0x9e, 0x00, 0x00, 0x00, 0xaf, 0xf1, 0x16, 0xe4,
 0xc7, 0x41, 0x64, 0x00, 0x00, 0x00, 0xc8, 0x0e,
 0x04, 0x2f, 0x02, 0x00, 0x00, 0x24, 0x02, 0x00,
 0xf6, 0x0e, 0xf3, 0x09, 0xe4, 0x04, 0x30, 0x02,
 0x00, 0x00, 0xf6, 0x0e, 0x04, 0x31, 0x02, 0x00,
 0x00, 0xc9, 0x0a, 0x07, 0xc9, 0x04, 0xbb, 0xd0,
 0xbb, 0xd1, 0xbb, 0xd3, 0xc8, 0x07, 0x68, 0xcb,
 0x00, 0x00, 0x00, 0x04, 0xc9, 0x01, 0x00, 0x00,
 0xc9, 0x0a, 0xd8, 0xf0, 0xc9, 0x0f, 0xd9, 0x5d,
 0x13, 0x00, 0xa8, 0xf1, 0x12, 0xc8, 0x0f, 0xf1,
 0x0e, 0xe4, 0x04, 0x23, 0x02, 0x00, 0x00, 0xf6,
 0x0e, 0xe4, 0xc8, 0x0a, 0xf6, 0x29, 0xbb, 0xd2,
 0xce, 0xc8, 0x0f, 0xa6, 0x68, 0x89, 0x00, 0x00,
 0x00, 0x93, 0x03, 0xce, 0xd8, 0xab, 0xf1, 0x0e,
 0x5d, 0x14, 0x00, 0xd8, 0xce, 0x46, 0xd9, 0xbc,
 0x9d, 0xf7, 0x0e, 0xf3, 0x43, 0xce, 0xc9, 0x10,
 0xce, 0xbc, 0x9d, 0xc8, 0x0f, 0xa6, 0xf1, 0x0d,
 0xce, 0xbc, 0x9d, 0xd8, 0xab, 0x96, 0xf1, 0x05,
 0x93, 0x02, 0xf3, 0xed, 0xce, 0xc8, 0x10, 0xa8,
 0xf1, 0x1e, 0xe4, 0x04, 0x32, 0x02, 0x00, 0x00,
 0x41, 0x64, 0x00, 0x00, 0x00, 0xce, 0xc8, 0x10,
 0x9e, 0xbc, 0x9d, 0x04, 0x33, 0x02, 0x00, 0x00,
 0x24, 0x02, 0x00, 0xf6, 0x0e, 0xf3, 0x09, 0xe4,
 0x04, 0x34, 0x02, 0x00, 0x00, 0xf6, 0x0e, 0xcf,
 0x5d, 0x15, 0x00, 0xa9, 0xf1, 0x24, 0xc8, 0x0f,
 0xcf, 0x9e, 0xc0, 0xa8, 0xf1, 0x1c, 0xe4, 0x04,
 0x35, 0x02, 0x00, 0x00, 0x41, 0x64, 0x00, 0x00,
 0x00, 0xc8, 0x0f, 0xcf, 0x9e, 0x04, 0x36, 0x02,
 0x00, 0x00, 0x24, 0x02, 0x00, 0xf6, 0x0e, 0xf3,
 0x06, 0x93, 0x02, 0xf4, 0x74, 0xff, 0xbc, 0xc9,
 0x08, 0xce, 0xc8, 0x0f, 0xaf, 0xf1, 0x0c, 0xc8,
 0x0f, 0xc4, 0xe8, 0x03, 0xa8, 0xf1, 0x04, 0xbc,
 0xc9, 0x09, 0xc8, 0x09, 0xf2, 0x24, 0x5d, 0x16,
 0x00, 0xf1, 0x0f, 0x5d, 0x17, 0x00, 0x41, 0xd4,
 0x01, 0x00, 0x00, 0xd8, 0x24, 0x01, 0x00, 0xf3,
 0x0d, 0x5d, 0x17, 0x00, 0x41, 0x31, 0x00, 0x00,
 0x00, 0xd8, 0x24, 0x01, 0x00, 0xca, 0x04, 0xf0,
 0xd0, 0xc8, 0x08, 0xf1, 0x1e, 0xcd, 0xcc, 0xa6,
 0xf1, 0x19, 0xc8, 0x04, 0xcd, 0x46, 0x8d, 0xd6,
 0xce, 0xbb, 0xa1, 0xaf, 0x11, 0xf2, 0x06, 0x0e,
 0xce, 0xc8, 0x0f, 0xa9, 0xf2, 0x05, 0x93, 0x01,
 0xf3, 0xe4, 0xcd, 0xcc, 0xa6, 0x68, 0x57, 0x01,
 0x00, 0x00, 0xc8, 0x0a, 0xf2, 0x12, 0x5d, 0x18,
 0x00, 0x04, 0x2f, 0x02, 0x00, 0x00, 0xf6, 0x0e,
 0x04, 0x31, 0x02, 0x00, 0x00, 0xc9, 0x0a, 0xd9,
 0x5d, 0x13, 0x00, 0xa8, 0xf1, 0x13, 0xcd, 0xcc,
 0xa6, 0xf1, 0x0e, 0xe4, 0x04, 0x23, 0x02, 0x00,
 0x00, 0xf6, 0x0e, 0xe4, 0xc8, 0x0a, 0xf6, 0x29,
 0xcd, 0xd2, 0xce, 0xcc, 0xa6, 0x68, 0x1f, 0x01,
 0x00, 0x00, 0xc8, 0x04, 0xce, 0x46, 0xc9, 0x05,
 0x5d, 0x17, 0x00, 0x41, 0x6e, 0x00, 0x00, 0x00,
 0xd8, 0xc8, 0x05, 0x24, 0x02, 0x00, 0xca, 0x11,
 0x68, 0xff, 0x00, 0x00, 0x00, 0xc8, 0x11, 0x40,
 0x43, 0x00, 0x00, 0x00, 0xf2, 0x1e, 0xe4, 0x04,
 0xed, 0x01, 0x00, 0x00, 0x41, 0x64, 0x00, 0x00,
 0x00, 0x5d, 0x06, 0x00, 0xc8, 0x05, 0xf6, 0x04,
 0xc9, 0x01, 0x00, 0x00, 0x24, 0x02, 0x00, 0xf6,
 0x0e, 0xf3, 0x2e, 0xc8, 0x05, 0x8d, 0xc8, 0x05,
 0xbb, 0xa1, 0xae, 0x11, 0xf2, 0x11, 0x0e, 0xc8,
 0x05, 0x41, 0xcb, 0x01, 0x00, 0x00, 0xc5, 0x00,
 0xc5, 0x01, 0x34, 0x24, 0x01, 0x00, 0xf1, 0x08,
 0xe4, 0xc8, 0x05, 0xf6, 0x0e, 0xf3, 0x0a, 0xe4,
 0x5d, 0x05, 0x00, 0xc8, 0x05, 0xf6, 0xf6, 0x0e,
 0xe4, 0x04, 0x37, 0x02, 0x00, 0x00, 0xf6, 0x0e,
 0x04, 0x44, 0x00, 0x00, 0x00, 0xc8, 0x11, 0xab,
 0xf1, 0x12, 0x5d, 0x14, 0x00, 0xc8, 0x11, 0x40,
 0x44, 0x00, 0x00, 0x00, 0xd9, 0xbc, 0x9d, 0xf7,
 0x0e, 0xf3, 0x5c, 0x26, 0x00, 0x00, 0xc9, 0x12,
 0xc8, 0x11, 0x40, 0x45, 0x00, 0x00, 0x00, 0xf1,
 0x11, 0xc8, 0x12, 0x41, 0xb2, 0x01, 0x00, 0x00,
 0x04, 0x38, 0x02, 0x00, 0x00, 0x24, 0x01, 0x00,
 0x0e, 0xc8, 0x11, 0x40, 0x46, 0x00, 0x00, 0x00,
 0xf1, 0x11, 0xc8, 0x12, 0x41, 0xb2, 0x01, 0x00,
 0x00, 0x04, 0x39, 0x02, 0x00, 0x00, 0x24, 0x01,
 0x00, 0x0e, 0xe4, 0x04, 0xed, 0x01, 0x00, 0x00,
 0x41, 0x64, 0x00, 0x00, 0x00, 0xc8, 0x12, 0x41,
 0x63, 0x00, 0x00, 0x00, 0x04, 0xca, 0x01, 0x00,
 0x00, 0x24, 0x01, 0x00, 0x04, 0xc9, 0x01, 0x00,
 0x00, 0x24, 0x02, 0x00, 0xf6, 0x0e, 0x93, 0x03,
 0xcf, 0x5d, 0x19, 0x00, 0xa8, 0xf1, 0x22, 0xcc,
 0xcf, 0x9e, 0xc0, 0xa8, 0xf1, 0x1b, 0xe4, 0x04,
 0x35, 0x02, 0x00, 0x00, 0x41, 0x64, 0x00, 0x00,
 0x00, 0xcc, 0xcf, 0x9e, 0x04, 0x3a, 0x02, 0x00,
 0x00, 0x24, 0x02, 0x00, 0xf6, 0x0e, 0xf3, 0x06,
 0x93, 0x02, 0xf4, 0xdf, 0xfe, 0xc8, 0x0a, 0xf1,
 0x06, 0xe4, 0xc8, 0x0a, 0xf6, 0x0e, 0x5d, 0x08,
 0x00, 0x41, 0x3b, 0x02, 0x00, 0x00, 0xd8, 0x24,
 0x01, 0x00, 0x0e, 0x5d, 0x07, 0x00, 0x41, 0xc5,
 0x01, 0x00, 0x00, 0xd8, 0x24, 0x01, 0x00, 0xd6,
 0xbb, 0xa8, 0xf1, 0x35, 0x5d, 0x09, 0x00, 0xc8,
 0x0c, 0x1b, 0x11, 0xb0, 0xf2, 0x04, 0x1b, 0x71,
 0x1b, 0x1b, 0x04, 0x3c, 0x02, 0x00, 0x00, 0x41,
 0x64, 0x00, 0x00, 0x00, 0xce, 0x04, 0x3d, 0x02,
 0x00, 0x00, 0x5d, 0x09, 0x00, 0xc8, 0x0c, 0x46,
 0x24, 0x03, 0x00, 0x1b, 0x71, 0x1b, 0x48, 0x29,
 0xe4, 0x5d, 0x06, 0x00, 0xd8, 0xf6, 0xf6, 0x0e,
 0x29, 0x0c, 0x43, 0x02, 0x01, 0x8c, 0x08, 0x02,
 0x01, 0x02, 0x03, 0x00, 0x05, 0x00, 0x3d, 0x03,
 0xf6, 0x06, 0x00, 0x01, 0x00, 0xb8, 0x06, 0x00,
 0x01, 0x00, 0xfc, 0x08, 0x00, 0x00, 0x00, 0xee,
 0x07, 0x03, 0x01, 0x80, 0x08, 0x0a, 0x00, 0xfe,
 0x07, 0x09, 0x00, 0xfe, 0x03, 0x0e, 0x02, 0x82,
 0x04, 0x0f, 0x02, 0xe4, 0xf1, 0x30, 0xe5, 0xd9,
 0xaf, 0xf1, 0x13, 0xe6, 0x41, 0xb2, 0x01, 0x00,
 0x00, 0xe7, 0x40, 0x9e, 0x01, 0x00, 0x00, 0x24,
 0x01, 0x00, 0x0e, 0xd9, 0xe9, 0xd9, 0xf1, 0x16,
 0xe7, 0x5d, 0x04, 0x00, 0xd9, 0x46, 0x46, 0xd4,
 0xf1, 0x0c, 0xe6, 0x41, 0xb2, 0x01, 0x00, 0x00,
 0xcc, 0x24, 0x01, 0x00, 0x0e, 0xe6, 0x41, 0xb2,
 0x01, 0x00, 0x00, 0xd8, 0x24, 0x01, 0x00, 0x29,
 0x0c, 0x43, 0x02, 0x01, 0x8e, 0x08, 0x01, 0x00,
 0x01, 0x03, 0x00, 0x01, 0x02, 0x2c, 0x01, 0xf6,
 0x06, 0x00, 0x01, 0x00, 0x8c, 0x08, 0x10, 0x00,
 0x07, 0x02, 0x30, 0x07, 0x02, 0x39, 0xd8, 0xbb,
 0x46, 0xc5, 0x00, 0xa9, 0xf1, 0x14, 0xd8, 0xbb,
 0x46, 0xc5, 0x01, 0xa7, 0xf1, 0x0c, 0xe4, 0xd8,
 0x04, 0x4a, 0x00, 0x00, 0x00, 0xf7, 0x0e, 0xf3,
 0x0a, 0xe4, 0xd8, 0x04, 0x3f, 0x02, 0x00, 0x00,
 0xf7, 0x0e, 0xe4, 0x04, 0x27, 0x02, 0x00, 0x00,
 0xf6, 0x29, 0x0c, 0x43, 0x02, 0x01, 0x90, 0x08,
 0x01, 0x04, 0x01, 0x05, 0x00, 0x03, 0x14, 0xa0,
 0x04, 0x05, 0xf6, 0x06, 0x00, 0x01, 0x00, 0xb8,
 0x06, 0x00, 0x00, 0x00, 0x80, 0x09, 0x00, 0x01,
 0x00, 0xa0, 0x06, 0x00, 0x02, 0x00, 0xbc, 0x07,
 0x00, 0x03, 0x00, 0xee, 0x07, 0x03, 0x01, 0x8c,
 0x08, 0x10, 0x00, 0x92, 0x08, 0x13, 0x00, 0x07,
 0x20, 0x5e, 0x22, 0x28, 0x5b, 0x5e, 0x5c, 0x5c,
 0x22, 0x5d, 0x7c, 0x5c, 0x5c, 0x2e, 0x29, 0x2a,
 0x22, 0x07, 0xa2, 0x01, 0x00, 0x00, 0x02, 0x01,
 0x49, 0x00, 0x00, 0x00, 0x0e, 0x06, 0x00, 0x00,
 0x00, 0x06, 0x0d, 0xf5, 0xff, 0xff, 0xff, 0x13,
 0x00, 0x09, 0x01, 0x22, 0x00, 0x0f, 0x2d, 0x00,
 0x00, 0x00, 0x2a, 0x00, 0x15, 0x01, 0x01, 0x13,
 0x01, 0x0f, 0x14, 0x00, 0x00, 0x00, 0x24, 0x03,
 0x00, 0x00, 0x00, 0x21, 0x00, 0x23, 0x00, 0x5b,
 0x00, 0x5d, 0x00, 0xff, 0xff, 0x0d, 0x04, 0x00,
 0x00, 0x00, 0x01, 0x5c, 0x00, 0x05, 0x14, 0x01,
 0x2b, 0x00, 0x0d, 0xce, 0xff, 0xff, 0xff, 0x01,
 0x22, 0x00, 0x14, 0x00, 0x10, 0x07, 0x20, 0x5e,
 0x27, 0x28, 0x5b, 0x5e, 0x5c, 0x5c, 0x27, 0x5d,
 0x7c, 0x5c, 0x5c, 0x2e, 0x29, 0x2a, 0x27, 0x07,
 0xa2, 0x01, 0x00, 0x00, 0x02, 0x01, 0x49, 0x00,
 0x00, 0x00, 0x0e, 0x06, 0x00, 0x00, 0x00, 0x06,
 0x0d, 0xf5, 0xff, 0xff, 0xff, 0x13, 0x00, 0x09,
 0x01, 0x27, 0x00, 0x0f, 0x2d, 0x00, 0x00, 0x00,
 0x2a, 0x00, 0x15, 0x01, 0x01, 0x13, 0x01, 0x0f,
 0x14, 0x00, 0x00, 0x00, 0x24, 0x03, 0x00, 0x00,
 0x00, 0x26, 0x00, 0x28, 0x00, 0x5b, 0x00, 0x5d,
 0x00, 0xff, 0xff, 0x0d, 0x04, 0x00, 0x00, 0x00,
 0x01, 0x5c, 0x00, 0x05, 0x14, 0x01, 0x2b, 0x00,
 0x0d, 0xce, 0xff, 0xff, 0xff, 0x01, 0x27, 0x00,
 0x14, 0x00, 0x10, 0x07, 0x16, 0x5e, 0x5c, 0x3c,
 0x5b, 0x5e, 0x5c, 0x3e, 0x5d, 0x2b, 0x5c, 0x3e,
 0x07, 0x5e, 0x00, 0x00, 0x01, 0x00, 0x27, 0x00,
 0x00, 0x00, 0x0e, 0x06, 0x00, 0x00, 0x00, 0x06,
 0x0d, 0xf5, 0xff, 0xff, 0xff, 0x13, 0x00, 0x09,
 0x01, 0x3c, 0x00, 0x24, 0x02, 0x00, 0x00, 0x00,
 0x3d, 0x00, 0x3f, 0x00, 0xff, 0xff, 0x0e, 0xf0,
 0xff, 0xff, 0xff, 0x01, 0x3e, 0x00, 0x14, 0x00,
 0x10, 0x07, 0x16, 0x5e, 0x5c, 0x5b, 0x5b, 0x5e,
 0x5c, 0x5d, 0x5d, 0x2b, 0x5c, 0x5d, 0x07, 0x5e,
 0x00, 0x00, 0x01, 0x00, 0x27, 0x00, 0x00, 0x00,
 0x0e, 0x06, 0x00, 0x00, 0x00, 0x06, 0x0d, 0xf5,
 0xff, 0xff, 0xff, 0x13, 0x00, 0x09, 0x01, 0x5b,
 0x00, 0x24, 0x02, 0x00, 0x00, 0x00, 0x5c, 0x00,
 0x5e, 0x00, 0xff, 0xff, 0x0e, 0xf0, 0xff, 0xff,
 0xff, 0x01, 0x5d, 0x00, 0x14, 0x00, 0x10, 0x07,
 0x02, 0x30, 0x07, 0x02, 0x31, 0x07, 0x02, 0x32,
 0x07, 0x02, 0x33, 0x07, 0x02, 0x34, 0x07, 0x02,
 0x35, 0x07, 0x02, 0x36, 0x07, 0x02, 0x37, 0x07,
 0x02, 0x38, 0x07, 0x02, 0x39, 0x07, 0x56, 0x5e,
 0x5b, 0x30, 0x2d, 0x39, 0x61, 0x2d, 0x7a, 0x5f,
 0x5d, 0x2b, 0x5b, 0x2e, 0x5d, 0x3f, 0x5b, 0x30,
 0x2d, 0x39, 0x61, 0x2d, 0x7a, 0x5f, 0x5d, 0x2a,
 0x5b, 0x65, 0x45, 0x70, 0x50, 0x5d, 0x3f, 0x5b,
 0x2b, 0x2d, 0x5d, 0x3f, 0x5b, 0x30, 0x2d, 0x39,
 0x5d, 0x2a, 0x07, 0x96, 0x02, 0x00, 0x00, 0x01,
 0x00, 0x83, 0x00, 0x00, 0x00, 0x0e, 0x06, 0x00,
 0x00, 0x00, 0x06, 0x0d, 0xf5, 0xff, 0xff, 0xff,
 0x13, 0x00, 0x09, 0x24, 0x03, 0x00, 0x30, 0x00,
 0x39, 0x00, 0x5f, 0x00, 0x5f, 0x00, 0x61, 0x00,
 0x7a, 0x00, 0x0e, 0xec, 0xff, 0xff, 0xff, 0x0f,
 0x07, 0x00, 0x00, 0x00, 0x24, 0x01, 0x00, 0x2e,
 0x00, 0x2e, 0x00, 0x0f, 0x14, 0x00, 0x00, 0x00,
 0x24, 0x03, 0x00, 0x30, 0x00, 0x39, 0x00, 0x5f,
 0x00, 0x5f, 0x00, 0x61, 0x00, 0x7a, 0x00, 0x0d,
 0xe7, 0xff, 0xff, 0xff, 0x0f, 0x13, 0x00, 0x00,
 0x00, 0x24, 0x04, 0x00, 0x45, 0x00, 0x45, 0x00,
 0x50, 0x00, 0x50, 0x00, 0x65, 0x00, 0x65, 0x00,
 0x70, 0x00, 0x70, 0x00, 0x0f, 0x0b, 0x00, 0x00,
 0x00, 0x24, 0x02, 0x00, 0x2b, 0x00, 0x2b, 0x00,
 0x2d, 0x00, 0x2d, 0x00, 0x0f, 0x0c, 0x00, 0x00,
 0x00, 0x24, 0x01, 0x00, 0x30, 0x00, 0x39, 0x00,
 0x0d, 0xef, 0xff, 0xff, 0xff, 0x14, 0x00, 0x10,
 0xe4, 0xf2, 0x05, 0xe5, 0xd8, 0xf6, 0x29, 0xd8,
 0xf0, 0xbb, 0xa8, 0x68, 0x13, 0x02, 0x00, 0x00,
 0x04, 0x9e, 0x01, 0x00, 0x00, 0xd0, 0xd8, 0xd1,
 0xbb, 0xd2, 0x07, 0xd3, 0xd8, 0xbb, 0x46, 0x11,
 0x04, 0xc7, 0x01, 0x00, 0x00, 0xae, 0xf1, 0x19,
 0x04, 0x4c, 0x00, 0x00, 0x00, 0xd0, 0xd8, 0x41,
 0xcb, 0x01, 0x00, 0x00, 0xc5, 0x00, 0xc5, 0x01,
 0x34, 0x24, 0x01, 0x00, 0xd3, 0xf4, 0xb3, 0x01,
 0x11, 0x04, 0xc6, 0x01, 0x00, 0x00, 0xae, 0xf1,
 0x19, 0x04, 0x4c, 0x00, 0x00, 0x00, 0xd0, 0xd8,
 0x41, 0xcb, 0x01, 0x00, 0x00, 0xc5, 0x02, 0xc5,
 0x03, 0x34, 0x24, 0x01, 0x00, 0xd3, 0xf4, 0x92,
 0x01, 0x11, 0x04, 0xca, 0x01, 0x00, 0x00, 0xae,
 0xf1, 0x0a, 0x04, 0x41, 0x02, 0x00, 0x00, 0xd0,
 0xf4, 0x80, 0x01, 0x11, 0x04, 0x32, 0x02, 0x00,
 0x00, 0xae, 0xf1, 0x1e, 0xd8, 0x41, 0xcb, 0x01,
 0x00, 0x00, 0xc5, 0x04, 0xc5, 0x05, 0x34, 0x24,
 0x01, 0x00, 0xd7, 0x68, 0x65, 0x01, 0x00, 0x00,
 0x04, 0x42, 0x02, 0x00, 0x00, 0xd0, 0xf4, 0x5a,
 0x01, 0x11, 0x04, 0xed, 0x01, 0x00, 0x00, 0xae,
 0xf1, 0x1b, 0xd8, 0x41, 0xcb, 0x01, 0x00, 0x00,
 0xc5, 0x06, 0xc5, 0x07, 0x34, 0x24, 0x01, 0x00,
 0xd7, 0xf1, 0x2e, 0x04, 0x42, 0x02, 0x00, 0x00,
 0xd0, 0xf4, 0x37, 0x01, 0x11, 0x04, 0xc9, 0x01,
 0x00, 0x00, 0xae, 0xf2, 0x1c, 0x11, 0x04, 0x31,
 0x02, 0x00, 0x00, 0xae, 0xf2, 0x13, 0x11, 0x04,
 0x43, 0x02, 0x00, 0x00, 0xae, 0xf2, 0x0a, 0x11,
 0x04, 0xe8, 0x01, 0x00, 0x00, 0xae, 0xf1, 0x0c,
 0x04, 0x44, 0x02, 0x00, 0x00, 0xd0, 0xbc, 0xd2,
 0xf4, 0x08, 0x01, 0x11, 0x04, 0xbe, 0x01, 0x00,
 0x00, 0xae, 0xf1, 0x0a, 0x04, 0x42, 0x02, 0x00,
 0x00, 0xd0, 0xf4, 0xf6, 0x00, 0x11, 0xc5, 0x08,
 0xae, 0xf2, 0x37, 0x11, 0xc5, 0x09, 0xae, 0xf2,
 0x31, 0x11, 0xc5, 0x0a, 0xae, 0xf2, 0x2b, 0x11,
 0xc5, 0x0b, 0xae, 0xf2, 0x25, 0x11, 0xc5, 0x0c,
 0xae, 0xf2, 0x1f, 0x11, 0xc5, 0x0d, 0xae, 0xf2,
 0x19, 0x11, 0xc5, 0x0e, 0xae, 0xf2, 0x13, 0x11,
 0xc5, 0x0f, 0xae, 0xf2, 0x0d, 0x11, 0xc5, 0x10,
 0xae, 0xf2, 0x07, 0x11, 0xc5, 0x11, 0xae, 0xf1,
 0x19, 0x04, 0x4a, 0x00, 0x00, 0x00, 0xd0, 0xd8,
 0x41, 0xcb, 0x01, 0x00, 0x00, 0xc5, 0x12, 0xc5,
 0x13, 0x34, 0x24, 0x01, 0x00, 0xd3, 0xf4, 0xa2,
 0x00, 0x11, 0x04, 0xf3, 0x01, 0x00, 0x00, 0xae,
 0xf1, 0x06, 0xbc, 0xd2, 0xf4, 0x94, 0x00, 0xe6,
 0xd8, 0xf6, 0xf1, 0x06, 0xd8, 0xf0, 0xbc, 0x9e,
 0xd2, 0xd8, 0x41, 0xd3, 0x01, 0x00, 0x00, 0x04,
 0xa8, 0x00, 0x00, 0x00, 0x24, 0x01, 0x00, 0xf1,
 0x09, 0x04, 0x45, 0x02, 0x00, 0x00, 0xd0, 0xf3,
 0x71, 0xd8, 0x41, 0xd3, 0x01, 0x00, 0x00, 0x04,
 0xa4, 0x00, 0x00, 0x00, 0x24, 0x01, 0x00, 0xf1,
 0x09, 0x04, 0x4e, 0x00, 0x00, 0x00, 0xd0, 0xf3,
 0x59, 0xd8, 0x04, 0xfc, 0x00, 0x00, 0x00, 0xae,
 0x11, 0xf2, 0x09, 0x0e, 0xd8, 0x04, 0x46, 0x02,
 0x00, 0x00, 0xae, 0xf1, 0x09, 0x04, 0x47, 0x02,
 0x00, 0x00, 0xd0, 0xf3, 0x3d, 0xd8, 0x04, 0x03,
 0x00, 0x00, 0x00, 0xae, 0x11, 0xf2, 0x09, 0x0e,
 0xd8, 0x04, 0x02, 0x00, 0x00, 0x00, 0xae, 0xf1,
 0x09, 0x04, 0x4b, 0x00, 0x00, 0x00, 0xd0, 0xf3,
 0x21, 0xd8, 0x04, 0x01, 0x00, 0x00, 0x00, 0xae,
 0xf1, 0x09, 0x04, 0x01, 0x00, 0x00, 0x00, 0xd0,
 0xf3, 0x10, 0xd8, 0x04, 0x49, 0x00, 0x00, 0x00,
 0xae, 0xf1, 0x07, 0x04, 0x49, 0x00, 0x00, 0x00,
 0xd0, 0x0e, 0xcf, 0xf1, 0x06, 0xcf, 0xbb, 0x46,
 0xf0, 0xd2, 0xce, 0xbb, 0xa8, 0xf1, 0x0d, 0xd8,
 0x41, 0xbf, 0x01, 0x00, 0x00, 0xbb, 0xce, 0x24,
 0x02, 0x00, 0xd1, 0xe5, 0xcd, 0xcc, 0xf7, 0x0e,
 0xd8, 0x41, 0xbf, 0x01, 0x00, 0x00, 0xcd, 0xf0,
 0x24, 0x01, 0x00, 0xdc, 0xf4, 0xea, 0xfd, 0x29,
 0x0c, 0x43, 0x02, 0x01, 0x92, 0x08, 0x01, 0x01,
 0x01, 0x03, 0x00, 0x00, 0x00, 0x19, 0x02, 0xf6,
 0x06, 0x00, 0x01, 0x00, 0x8c, 0x06, 0x00, 0x00,
 0x00, 0xd8, 0xd8, 0xf0, 0xbc, 0x9e, 0x46, 0xd4,
 0x04, 0xed, 0x01, 0x00, 0x00, 0xae, 0x11, 0xf2,
 0x09, 0x0e, 0xcc, 0x04, 0x30, 0x02, 0x00, 0x00,
 0xae, 0x28, 0x0c, 0x43, 0x02, 0x01, 0x94, 0x08,
 0x01, 0x04, 0x01, 0x06, 0x00, 0x03, 0x00, 0x6e,
 0x05, 0x86, 0x06, 0x00, 0x01, 0x00, 0x90, 0x09,
 0x00, 0x00, 0x00, 0x92, 0x09, 0x00, 0x01, 0x00,
 0x94, 0x09, 0x00, 0x02, 0x00, 0xf6, 0x06, 0x00,
 0x03, 0x00, 0xfc, 0x07, 0x08, 0x00, 0x92, 0x08,
 0x13, 0x00, 0x94, 0x08, 0x14, 0x00, 0xe4, 0xd8,
 0x46, 0xf0, 0xd0, 0xe4, 0xd8, 0xbc, 0x9d, 0x46,
 0x04, 0x37, 0x02, 0x00, 0x00, 0xae, 0xf1, 0x0e,
 0xd8, 0xbd, 0x9d, 0xdc, 0xcc, 0xbd, 0xe4, 0xd8,
 0x46, 0xf0, 0x9d, 0x9d, 0xd0, 0xcc, 0xd1, 0xe5,
 0xe4, 0xd8, 0x46, 0xf6, 0xf1, 0x41, 0xbc, 0xd2,
 0xd8, 0x8f, 0xe0, 0xe4, 0xf0, 0xa6, 0xf1, 0x37,
 0xce, 0x94, 0x01, 0xe4, 0xd8, 0x46, 0xd7, 0x04,
 0xc9, 0x01, 0x00, 0x00, 0xae, 0x11, 0xf2, 0x09,
 0x0e, 0xcf, 0x04, 0x31, 0x02, 0x00, 0x00, 0xae,
 0xf2, 0x1d, 0xf3, 0x0e, 0x11, 0x7e, 0x81, 0x00,
 0x0e, 0xdc, 0x81, 0x00, 0x0e, 0xd0, 0x84, 0xf3,
 0x06, 0xe6, 0xd8, 0xf6, 0xf3, 0xef, 0x0e, 0xcc,
 0x94, 0x01, 0xbd, 0xd2, 0xf3, 0xc3, 0xd8, 0xcd,
 0x26, 0x02, 0x00, 0x28, 0x0c, 0x43, 0x02, 0x01,
 0x96, 0x08, 0x02, 0x02, 0x02, 0x03, 0x00, 0x05,
 0x00, 0x67, 0x04, 0x86, 0x06, 0x00, 0x01, 0x00,
 0x96, 0x09, 0x00, 0x01, 0x00, 0xba, 0x08, 0x00,
 0x00, 0x00, 0xf6, 0x06, 0x00, 0x01, 0x00, 0xfc,
 0x07, 0x08, 0x00, 0x8c, 0x08, 0x10, 0x00, 0x8e,
 0x08, 0x11, 0x00, 0x90, 0x08, 0x12, 0x00, 0x92,
 0x08, 0x13, 0x00, 0xc7, 0xd0, 0xd8, 0xd9, 0xa7,
 0xf1, 0x60, 0xe4, 0xd8, 0x91, 0xdc, 0x46, 0xd5,
 0x04, 0xc9, 0x01, 0x00, 0x00, 0xae, 0x11, 0xf2,
 0x09, 0x0e, 0xcd, 0x04, 0x31, 0x02, 0x00, 0x00,
 0xae, 0xf1, 0x11, 0xcc, 0xf0, 0xbc, 0xa8, 0xf1,
 0x27, 0xe5, 0x04, 0xe8, 0x01, 0x00, 0x00, 0xf6,
 0x0e, 0xf3, 0x1d, 0xe5, 0xcc, 0xf6, 0x0e, 0xe4,
 0xd8, 0x46, 0x04, 0x37, 0x02, 0x00, 0x00, 0xae,
 0xf1, 0x0e, 0xe6, 0xcd, 0xf6, 0x0e, 0xd8, 0x8f,
 0xdc, 0xe4, 0xd8, 0x91, 0xdc, 0x46, 0xd1, 0xe7,
 0xcd, 0xf6, 0x0e, 0x5d, 0x04, 0x00, 0xcd, 0xf6,
 0xf1, 0x08, 0x04, 0xe8, 0x01, 0x00, 0x00, 0xf3,
 0x06, 0x04, 0x4c, 0x02, 0x00, 0x00, 0xd0, 0xf3,
 0x9d, 0x29, 0x0c, 0x43, 0x02, 0x01, 0x98, 0x08,
 0x02, 0x00, 0x02, 0x04, 0x00, 0x01, 0x00, 0x1a,
 0x02, 0xf6, 0x06, 0x00, 0x01, 0x00, 0xca, 0x07,
 0x00, 0x01, 0x00, 0x8c, 0x08, 0x10, 0x00, 0xd9,
 0xbb, 0xa8, 0xf1, 0x12, 0xd8, 0x04, 0xe8, 0x01,
 0x00, 0x00, 0x41, 0x4d, 0x02, 0x00, 0x00, 0xd9,
 0x24, 0x01, 0x00, 0x9d, 0xdc, 0xe4, 0xd8, 0xf6,
 0x29, 0x0c, 0x43, 0x02, 0x01, 0x9a, 0x08, 0x02,
 0x0c, 0x02, 0x07, 0x00, 0x0b, 0x00, 0xea, 0x04,
 0x0e, 0x9c, 0x09, 0x00, 0x01, 0x00, 0x86, 0x02,
 0x00, 0x01, 0x00, 0x9e, 0x09, 0x00, 0x00, 0x00,
 0x96, 0x09, 0x00, 0x01, 0x00, 0x92, 0x09, 0x00,
 0x02, 0x00, 0xba, 0x08, 0x00, 0x03, 0x00, 0xa0,
 0x09, 0x00, 0x04, 0x00, 0x86, 0x06, 0x00, 0x05,
 0x00, 0x90, 0x09, 0x00, 0x06, 0x00, 0xac, 0x08,
 0x00, 0x07, 0x00, 0xb4, 0x07, 0x00, 0x08, 0x00,
 0xa2, 0x09, 0x00, 0x09, 0x00, 0xf4, 0x05, 0x00,
 0x0a, 0x00, 0xa4, 0x09, 0x00, 0x0b, 0x00, 0xf2,
 0x07, 0x02, 0x00, 0x94, 0x08, 0x14, 0x00, 0x96,
 0x08, 0x15, 0x00, 0xfc, 0x07, 0x08, 0x00, 0x8e,
 0x08, 0x11, 0x00, 0x90, 0x08, 0x12, 0x00, 0x92,
 0x08, 0x13, 0x00, 0xcc, 0x02, 0x10, 0x02, 0x8c,
 0x08, 0x10, 0x00, 0x98, 0x08, 0x16, 0x00, 0x9a,
 0x08, 0x17, 0x00, 0xe4, 0xd8, 0x9e, 0xbd, 0x9e,
 0xd0, 0x06, 0x11, 0xf9, 0xf2, 0x0d, 0x7e, 0x81,
 0x00, 0x0e, 0xd1, 0x81, 0x00, 0x0e, 0xd2, 0x84,
 0xf3, 0x07, 0x0e, 0xe5, 0xd9, 0xf6, 0xf3, 0xef,
 0xce, 0xcc, 0xa7, 0xf1, 0x0c, 0xe6, 0xd9, 0xcd,
 0xf7, 0x0e, 0xcd, 0xce, 0x26, 0x02, 0x00, 0x28,
 0xe7, 0xd9, 0xbc, 0x9d, 0x46, 0x04, 0x37, 0x02,
 0x00, 0x00, 0xae, 0xf1, 0x0d, 0x5d, 0x04, 0x00,
 0xe7, 0xd9, 0x46, 0xf6, 0x0e, 0xd9, 0xbd, 0x9d,
 0xdd, 0x5d, 0x05, 0x00, 0xe7, 0xd9, 0x46, 0xf6,
 0x0e, 0x5d, 0x06, 0x00, 0xe7, 0xd9, 0x46, 0xf6,
 0xf2, 0x07, 0xd9, 0xce, 0x26, 0x02, 0x00, 0x28,
 0xd8, 0xbd, 0x9d, 0xdc, 0xcc, 0xbd, 0x9e, 0xd0,
 0xc7, 0xd3, 0xd9, 0xbc, 0x9d, 0xc9, 0x04, 0xe7,
 0xd9, 0x46, 0x41, 0x53, 0x02, 0x00, 0x00, 0x04,
 0xed, 0x01, 0x00, 0x00, 0x24, 0x01, 0x00, 0x68,
 0x91, 0x01, 0x00, 0x00, 0xbb, 0xc9, 0x07, 0x26,
 0x00, 0x00, 0xc9, 0x0a, 0xc8, 0x04, 0xc9, 0x05,
 0xc8, 0x05, 0xcd, 0xa6, 0xf1, 0x51, 0xe7, 0xc8,
 0x05, 0x46, 0xbb, 0x46, 0x04, 0xbe, 0x01, 0x00,
 0x00, 0xae, 0x11, 0xf2, 0x0e, 0x0e, 0xe7, 0xc8,
 0x05, 0xbc, 0x9d, 0x46, 0x04, 0x37, 0x02, 0x00,
 0x00, 0xae, 0xf2, 0x33, 0xf3, 0x10, 0x11, 0x7e,
 0x81, 0x00, 0x0e, 0xc9, 0x05, 0x81, 0x00, 0x0e,
 0xc9, 0x06, 0x84, 0xf3, 0x07, 0xe5, 0xc8, 0x05,
 0xf6, 0xf3, 0xec, 0x0e, 0xc8, 0x0a, 0xc8, 0x07,
 0x91, 0xc9, 0x07, 0x1b, 0x11, 0xb0, 0xf2, 0x04,
 0x1b, 0x71, 0x1b, 0x1b, 0xc8, 0x06, 0x1b, 0x71,
 0x1b, 0x48, 0x93, 0x05, 0xf3, 0xab, 0x5d, 0x07,
 0x00, 0x41, 0xa5, 0x01, 0x00, 0x00, 0xcc, 0xbe,
 0x9b, 0xc8, 0x0a, 0xf0, 0xc3, 0x10, 0x24, 0x03,
 0x00, 0xc9, 0x09, 0xc8, 0x09, 0xbc, 0xa8, 0xf1,
 0x73, 0x26, 0x00, 0x00, 0xc9, 0x0b, 0xbb, 0xc9,
 0x08, 0xbb, 0xc9, 0x07, 0xc8, 0x07, 0xc8, 0x0a,
 0xf0, 0xa6, 0xf1, 0x3b, 0xc8, 0x0b, 0xc8, 0x08,
 0x1b, 0x11, 0xb0, 0xf2, 0x04, 0x1b, 0x71, 0x1b,
 0x1b, 0x5d, 0x07, 0x00, 0x41, 0xe1, 0x01, 0x00,
 0x00, 0xc8, 0x0b, 0xc8, 0x08, 0x46, 0x11, 0xf2,
 0x03, 0x0e, 0xbb, 0xc8, 0x0a, 0xc8, 0x07, 0x46,
 0xbd, 0x9d, 0x24, 0x02, 0x00, 0x1b, 0x71, 0x1b,
 0x48, 0xc8, 0x08, 0xbc, 0x9d, 0xc8, 0x09, 0x9c,
 0xc9, 0x08, 0x93, 0x07, 0xf3, 0xbf, 0xbb, 0xc9,
 0x06, 0xbb, 0xc9, 0x08, 0xc8, 0x08, 0xc8, 0x09,
 0xa6, 0xf1, 0x0f, 0xc8, 0x06, 0xc8, 0x0b, 0xc8,
 0x08, 0x46, 0x9d, 0xc9, 0x06, 0x93, 0x08, 0xf3,
 0xec, 0xc8, 0x06, 0xcc, 0xa7, 0xf2, 0x05, 0x92,
 0x09, 0xf3, 0x89, 0xc8, 0x09, 0xbc, 0xa8, 0x68,
 0x99, 0x00, 0x00, 0x00, 0xbb, 0xc9, 0x06, 0xc8,
 0x09, 0xbc, 0x9e, 0xc9, 0x08, 0xc8, 0x04, 0xc9,
 0x05, 0xc8, 0x05, 0xcd, 0xa6, 0x68, 0x7f, 0x00,
 0x00, 0x00, 0xe7, 0xc8, 0x05, 0x46, 0xbb, 0x46,
 0x04, 0xbe, 0x01, 0x00, 0x00, 0xae, 0x11, 0xf2,
 0x0e, 0x0e, 0xe7, 0xc8, 0x05, 0xbc, 0x9d, 0x46,
 0x04, 0x37, 0x02, 0x00, 0x00, 0xae, 0xf2, 0x5e,
 0xc8, 0x06, 0xcf, 0xf0, 0x9d, 0xc9, 0x06, 0x5d,
 0x08, 0x00, 0xcf, 0xf6, 0x0e, 0x04, 0x43, 0x02,
 0x00, 0x00, 0xd3, 0xc8, 0x08, 0xc8, 0x09, 0xbc,
 0x9e, 0xae, 0xf1, 0x11, 0x5d, 0x09, 0x00, 0x04,
 0xa4, 0x01, 0x00, 0x00, 0xd8, 0xf7, 0x0e, 0xbb,
 0xc9, 0x08, 0xf3, 0x23, 0x5d, 0x09, 0x00, 0xc7,
 0xc8, 0x0b, 0xc8, 0x08, 0x91, 0xc9, 0x08, 0x46,
 0xc8, 0x06, 0x9e, 0xf7, 0x0e, 0xf3, 0x10, 0x11,
 0x7e, 0x81, 0x00, 0x0e, 0xc9, 0x05, 0x81, 0x00,
 0x0e, 0xc9, 0x06, 0x84, 0xf3, 0x0a, 0x5d, 0x0a,
 0x00, 0xd8, 0xc8, 0x05, 0xf7, 0xf3, 0xe9, 0x0e,
 0x93, 0x05, 0xf4, 0x7e, 0xff, 0xc8, 0x05, 0xc9,
 0x04, 0xc8, 0x04, 0xc9, 0x05, 0xc8, 0x05, 0xcd,
 0xa6, 0xf1, 0x37, 0x5d, 0x08, 0x00, 0xcf, 0xf6,
 0x0e, 0x04, 0x43, 0x02, 0x00, 0x00, 0xd3, 0x5d,
 0x09, 0x00, 0x04, 0xa4, 0x01, 0x00, 0x00, 0xd8,
 0xf7, 0x0e, 0xf3, 0x10, 0x11, 0x7e, 0x81, 0x00,
 0x0e, 0xc9, 0x05, 0x81, 0x00, 0x0e, 0xc9, 0x06,
 0x84, 0xf3, 0x0a, 0x5d, 0x0a, 0x00, 0xd8, 0xc8,
 0x05, 0xf7, 0xf3, 0xe9, 0x0e, 0x93, 0x05, 0xf3,
 0xc5, 0x5d, 0x09, 0x00, 0x04, 0xa4, 0x01, 0x00,
 0x00, 0xd8, 0xbd, 0x9e, 0xe0, 0xf7, 0x0e, 0x5d,
 0x05, 0x00, 0xe7, 0xcd, 0x46, 0xf6, 0x0e, 0xcd,
 0xe4, 0x26, 0x02, 0x00, 0x28, 0xc6, 0x00, 0xd1,
 0xc6, 0x01, 0xc9, 0x0b, 0xc6, 0x02, 0xc9, 0x0c,
 0xc6, 0x03, 0xc9, 0x0d, 0xc6, 0x04, 0xc9, 0x0e,
 0xc6, 0x05, 0xc9, 0x0f, 0xc6, 0x06, 0xc9, 0x10,
 0xc6, 0x07, 0xc9, 0x11, 0xc6, 0x08, 0xc9, 0x12,
 0xc6, 0x09, 0xc9, 0x13, 0xc6, 0x0a, 0xc9, 0x14,
 0xc6, 0x0b, 0xc9, 0x15, 0xc6, 0x0c, 0xc9, 0x16,
 0xc6, 0x0d, 0xc9, 0x17, 0x0b, 0xd0, 0xd9, 0x97,
 0x04, 0x4d, 0x00, 0x00, 0x00, 0xae, 0xf1, 0x1c,
 0xd9, 0x07, 0xaf, 0xf1, 0x17, 0xd9, 0xd4, 0x40,
 0x54, 0x02, 0x00, 0x00, 0xdd, 0xcc, 0x40, 0x55,
 0x02, 0x00, 0x00, 0xde, 0xcc, 0x40, 0xff, 0x00,
 0x00, 0x00, 0xdf, 0xd9, 0x97, 0x04, 0x4b, 0x00,
 0x00, 0x00, 0xaf, 0xf1, 0x03, 0x09, 0xdd, 0xcd,
 0xda, 0xbd, 0xf7, 0xde, 0xcd, 0xdb, 0x0a, 0xf7,
 0xdf, 0xcd, 0xcc, 0x40, 0xf9, 0x01, 0x00, 0x00,
 0x5d, 0x10, 0x00, 0x41, 0xa5, 0x01, 0x00, 0x00,
 0x5d, 0x11, 0x00, 0xc3, 0x50, 0x24, 0x02, 0x00,
 0xf7, 0xd2, 0xcd, 0xcc, 0x40, 0xfa, 0x01, 0x00,
 0x00, 0xc3, 0x64, 0xf7, 0xd3, 0xcd, 0xcc, 0x40,
 0xfb, 0x01, 0x00, 0x00, 0xcf, 0xc3, 0x0a, 0x9d,
 0xf7, 0xc9, 0x04, 0xcd, 0xcc, 0x40, 0xfc, 0x01,
 0x00, 0x00, 0xc3, 0x4e, 0xf7, 0xc9, 0x05, 0x0b,
 0x26, 0x01, 0x00, 0xc9, 0x06, 0x26, 0x00, 0x00,
 0xc9, 0x07, 0x26, 0x00, 0x00, 0xc9, 0x08, 0x26,
 0x00, 0x00, 0xc9, 0x09, 0x04, 0x9e, 0x01, 0x00,
 0x00, 0xc9, 0x0a, 0xc8, 0x0f, 0xd8, 0xbb, 0xf7,
 0x0e, 0xc8, 0x17, 0xbb, 0xbb, 0xf7, 0x0e, 0xc8,
 0x10, 0xc7, 0xf6, 0x0e, 0xc8, 0x09, 0x41, 0x63,
 0x00, 0x00, 0x00, 0xc7, 0x25, 0x01, 0x00, 0x0c,
 0x43, 0x02, 0x01, 0xcc, 0x05, 0x01, 0x00, 0x01,
 0x07, 0x00, 0x05, 0x00, 0x3c, 0x01, 0xea, 0x07,
 0x00, 0x01, 0x00, 0xec, 0x03, 0x00, 0x1a, 0xca,
 0x05, 0x78, 0x00, 0x8c, 0x04, 0x19, 0x00, 0x88,
 0x04, 0x17, 0x00, 0x8a, 0x04, 0x18, 0x00, 0x64,
 0x00, 0x00, 0x41, 0x9d, 0x01, 0x00, 0x00, 0xe5,
 0x41, 0x56, 0x02, 0x00, 0x00, 0xd8, 0x0b, 0xe6,
 0x4b, 0x55, 0x02, 0x00, 0x00, 0xe7, 0x4b, 0xff,
 0x00, 0x00, 0x00, 0x5d, 0x04, 0x00, 0x4b, 0x54,
 0x02, 0x00, 0x00, 0x24, 0x02, 0x00, 0x24, 0x01,
 0x00, 0x0e, 0x64, 0x00, 0x00, 0x41, 0x9d, 0x01,
 0x00, 0x00, 0x04, 0xa4, 0x01, 0x00, 0x00, 0x24,
 0x01, 0x00, 0x29, 0x0c, 0x43, 0x02, 0x01, 0xce,
 0x05, 0x01, 0x05, 0x01, 0x06, 0x00, 0x03, 0x00,
 0xb4, 0x01, 0x06, 0x92, 0x06, 0x00, 0x01, 0x00,
 0xde, 0x06, 0x00, 0x00, 0x00, 0xaa, 0x04, 0x00,
 0x01, 0x00, 0xae, 0x09, 0x00, 0x02, 0x00, 0xe0,
 0x07, 0x00, 0x03, 0x00, 0xb0, 0x09, 0x00, 0x04,
 0x00, 0xd0, 0x05, 0x7b, 0x00, 0xd8, 0x05, 0x7f,
 0x00, 0xec, 0x03, 0x00, 0x1a, 0xd8, 0x04, 0x59,
 0x02, 0x00, 0x00, 0xae, 0xf1, 0x06, 0xe4, 0xf5,
 0x0e, 0x0a, 0x28, 0xd8, 0xbb, 0x46, 0x04, 0xc3,
 0x01, 0x00, 0x00, 0xaf, 0xf1, 0x0e, 0xd8, 0xbb,
 0x46, 0x04, 0xbe, 0x01, 0x00, 0x00, 0xaf, 0xf1,
 0x03, 0x09, 0x28, 0xbc, 0xd0, 0xcc, 0xd8, 0xf0,
 0xa6, 0xf1, 0x10, 0xd8, 0xcc, 0x46, 0x04, 0xe8,
 0x01, 0x00, 0x00, 0xaf, 0xf1, 0x05, 0x93, 0x00,
 0xf3, 0xec, 0xd8, 0x41, 0x9f, 0x01, 0x00, 0x00,
 0xbc, 0xcc, 0x24, 0x02, 0x00, 0xd1, 0xbb, 0xd2,
 0xe5, 0x7d, 0xf3, 0x21, 0xc9, 0x04, 0xc8, 0x04,
 0x41, 0xd3, 0x01, 0x00, 0x00, 0xcd, 0x24, 0x01,
 0x00, 0xf1, 0x12, 0xe5, 0xc8, 0x04, 0x46, 0xd3,
 0x93, 0x02, 0xc8, 0x04, 0xcd, 0xae, 0xf1, 0x05,
 0xbb, 0xd2, 0xf3, 0x05, 0x80, 0xf1, 0xde, 0x0e,
 0x0e, 0xcf, 0xf1, 0x1d, 0xce, 0xbd, 0xa6, 0xf1,
 0x18, 0xcf, 0xd8, 0x41, 0x9f, 0x01, 0x00, 0x00,
 0xcc, 0x24, 0x01, 0x00, 0x41, 0x5a, 0x02, 0x00,
 0x00, 0x24, 0x00, 0x00, 0xf6, 0x0e, 0xf3, 0x20,
 0x64, 0x02, 0x00, 0x41, 0x9d, 0x01, 0x00, 0x00,
 0x04, 0x5b, 0x02, 0x00, 0x00, 0x41, 0x64, 0x00,
 0x00, 0x00, 0xcd, 0x04, 0xa4, 0x01, 0x00, 0x00,
 0x24, 0x02, 0x00, 0x24, 0x01, 0x00, 0x0e, 0x0a,
 0x28, 0x0c, 0x43, 0x02, 0x01, 0xd0, 0x05, 0x00,
 0x01, 0x00, 0x07, 0x00, 0x09, 0x01, 0xdc, 0x01,
 0x01, 0xb8, 0x09, 0x00, 0x00, 0x00, 0xec, 0x03,
 0x00, 0x1a, 0x8e, 0x04, 0x1a, 0x00, 0x86, 0x04,
 0x16, 0x00, 0x90, 0x04, 0x1b, 0x00, 0x8c, 0x04,
 0x19, 0x00, 0x8a, 0x04, 0x18, 0x00, 0x88, 0x04,
 0x17, 0x00, 0x82, 0x04, 0x14, 0x00, 0x80, 0x04,
 0x13, 0x00, 0x0c, 0x42, 0x02, 0x01, 0x00, 0x01,
 0x00, 0x01, 0x01, 0x00, 0x00, 0x00, 0x0f, 0x01,
 0xc0, 0x06, 0x00, 0x01, 0x00, 0xd8, 0xf1, 0x07,
 0x04, 0x87, 0x00, 0x00, 0x00, 0x28, 0x04, 0xe8,
 0x01, 0x00, 0x00, 0x28, 0xc6, 0x00, 0x4c, 0x5c,
 0x02, 0x00, 0x00, 0xd0, 0x64, 0x00, 0x00, 0x41,
 0x9d, 0x01, 0x00, 0x00, 0x04, 0x5d, 0x02, 0x00,
 0x00, 0x04, 0x5e, 0x02, 0x00, 0x00, 0x9d, 0xcc,
 0xe5, 0xf6, 0x9d, 0x04, 0x5f, 0x02, 0x00, 0x00,
 0x9d, 0x04, 0x60, 0x02, 0x00, 0x00, 0x9d, 0xcc,
 0xe5, 0x96, 0xf6, 0x9d, 0x04, 0x61, 0x02, 0x00,
 0x00, 0x9d, 0x04, 0x62, 0x02, 0x00, 0x00, 0x9d,
 0xcc, 0xe6, 0xf6, 0x9d, 0x04, 0x63, 0x02, 0x00,
 0x00, 0x9d, 0x04, 0x64, 0x02, 0x00, 0x00, 0x9d,
 0xcc, 0xe7, 0xf6, 0x9d, 0x04, 0x65, 0x02, 0x00,
 0x00, 0x9d, 0x04, 0x66, 0x02, 0x00, 0x00, 0x41,
 0x64, 0x00, 0x00, 0x00, 0x5d, 0x04, 0x00, 0x04,
 0x67, 0x02, 0x00, 0x00, 0x24, 0x02, 0x00, 0x9d,
 0x04, 0x68, 0x02, 0x00, 0x00, 0x9d, 0xcc, 0x5d,
 0x05, 0x00, 0xf6, 0x9d, 0x04, 0x69, 0x02, 0x00,
 0x00, 0x9d, 0x04, 0x6a, 0x02, 0x00, 0x00, 0x9d,
 0xcc, 0x5d, 0x06, 0x00, 0xf6, 0x9d, 0x04, 0x6b,
 0x02, 0x00, 0x00, 0x9d, 0x04, 0x6c, 0x02, 0x00,
 0x00, 0x9d, 0xcc, 0x5d, 0x07, 0x00, 0x5d, 0x08,
 0x00, 0x40, 0x6d, 0x02, 0x00, 0x00, 0xac, 0xf6,
 0x9d, 0x04, 0x6e, 0x02, 0x00, 0x00, 0x9d, 0x04,
 0x6f, 0x02, 0x00, 0x00, 0x9d, 0xcc, 0x5d, 0x07,
 0x00, 0x5d, 0x08, 0x00, 0x40, 0x70, 0x02, 0x00,
 0x00, 0xac, 0xf6, 0x9d, 0x04, 0x71, 0x02, 0x00,
 0x00, 0x9d, 0x04, 0x72, 0x02, 0x00, 0x00, 0x9d,
 0x04, 0x73, 0x02, 0x00, 0x00, 0x9d, 0x04, 0x74,
 0x02, 0x00, 0x00, 0x9d, 0x24, 0x01, 0x00, 0x29,
 0x0c, 0x43, 0x02, 0x01, 0xd2, 0x05, 0x01, 0x01,
 0x01, 0x07, 0x00, 0x01, 0x00, 0x5f, 0x02, 0xf6,
 0x06, 0x00, 0x01, 0x00, 0xea, 0x09, 0x04, 0x00,
 0x03, 0xec, 0x03, 0x00, 0x1a, 0xd8, 0x41, 0x76,
 0x02, 0x00, 0x00, 0x04, 0xbe, 0x01, 0x00, 0x00,
 0x24, 0x01, 0x00, 0xd8, 0x41, 0x76, 0x02, 0x00,
 0x00, 0x04, 0xca, 0x01, 0x00, 0x00, 0x24, 0x01,
 0x00, 0xa7, 0xf1, 0x09, 0xd8, 0x04, 0x77, 0x02,
 0x00, 0x00, 0x9d, 0xdc, 0x6b, 0x13, 0x00, 0x00,
 0x00, 0x64, 0x00, 0x00, 0x41, 0x78, 0x02, 0x00,
 0x00, 0xd8, 0x24, 0x01, 0x00, 0x0e, 0x0e, 0x29,
 0xd0, 0x6b, 0x21, 0x00, 0x00, 0x00, 0x64, 0x00,
 0x00, 0x41, 0x9d, 0x01, 0x00, 0x00, 0xc7, 0x41,
 0x64, 0x00, 0x00, 0x00, 0xcc, 0x04, 0xa4, 0x01,
 0x00, 0x00, 0x24, 0x02, 0x00, 0x24, 0x01, 0x00,
 0x0e, 0x0e, 0x29, 0x30, 0x0c, 0x43, 0x02, 0x01,
 0xd4, 0x05, 0x01, 0x00, 0x01, 0x03, 0x00, 0x02,
 0x00, 0x10, 0x01, 0xea, 0x09, 0x00, 0x01, 0x00,
 0xee, 0x05, 0x8a, 0x01, 0x00, 0xec, 0x03, 0x00,
 0x1a, 0xe4, 0xf5, 0x0e, 0x64, 0x01, 0x00, 0x41,
 0x6a, 0x01, 0x00, 0x00, 0xd8, 0x24, 0x01, 0x00,
 0x29, 0x0c, 0x43, 0x02, 0x01, 0xd6, 0x05, 0x02,
 0x00, 0x02, 0x03, 0x00, 0x00, 0x00, 0x14, 0x02,
 0xf6, 0x06, 0x00, 0x01, 0x00, 0x9e, 0x08, 0x00,
 0x01, 0x00, 0xd8, 0xf1, 0x10, 0x04, 0x79, 0x02,
 0x00, 0x00, 0x41, 0x8e, 0x01, 0x00, 0x00, 0xd8,
 0x24, 0x01, 0x00, 0x28, 0xd9, 0x28, 0x0c, 0x42,
 0x02, 0x01, 0x00, 0x01, 0x00, 0x01, 0x03, 0x00,
 0x02, 0x00, 0x06, 0x01, 0xf6, 0x06, 0x00, 0x01,
 0x00, 0xd6, 0x05, 0x7e, 0x00, 0x8e, 0x04, 0x1a,
 0x00, 0xe4, 0xd8, 0x0a, 0xf7, 0xe9, 0x29, 0x0c,
 0x42, 0x02, 0x01, 0x00, 0x01, 0x00, 0x01, 0x03,
 0x00, 0x02, 0x00, 0x07, 0x01, 0xf6, 0x06, 0x00,
 0x01, 0x00, 0xd6, 0x05, 0x7e, 0x00, 0x8e, 0x04,
 0x1a, 0x00, 0xe4, 0xd8, 0x0a, 0xf7, 0x96, 0xe9,
 0x29, 0x0c, 0x42, 0x02, 0x01, 0x00, 0x01, 0x00,
 0x01, 0x03, 0x00, 0x02, 0x00, 0x07, 0x01, 0xf6,
 0x06, 0x00, 0x01, 0x00, 0xd6, 0x05, 0x7e, 0x00,
 0x86, 0x04, 0x16, 0x00, 0xe4, 0xd8, 0xe5, 0x96,
 0xf7, 0xe9, 0x29, 0x0c, 0x42, 0x02, 0x01, 0x00,
 0x01, 0x00, 0x01, 0x03, 0x00, 0x02, 0x00, 0x07,
 0x01, 0xf6, 0x06, 0x00, 0x01, 0x00, 0xd6, 0x05,
 0x7e, 0x00, 0x90, 0x04, 0x1b, 0x00, 0xe4, 0xd8,
 0xe5, 0x96, 0xf7, 0xe9, 0x29, 0x0c, 0x42, 0x02,
 0x01, 0x00, 0x01, 0x00, 0x01, 0x02, 0x00, 0x01,
 0x00, 0x09, 0x01, 0xf6, 0x06, 0x00, 0x01, 0x00,
 0x8c, 0x04, 0x19, 0x00, 0xd8, 0x8d, 0x11, 0xf2,
 0x03, 0x0e, 0xbd, 0xe8, 0x29, 0x0c, 0x42, 0x02,
 0x01, 0x00, 0x01, 0x00, 0x01, 0x03, 0x00, 0x02,
 0x00, 0x07, 0x01, 0xf6, 0x06, 0x00, 0x01, 0x00,
 0xd6, 0x05, 0x7e, 0x00, 0x8a, 0x04, 0x18, 0x00,
 0xe4, 0xd8, 0xe5, 0x96, 0xf7, 0xe9, 0x29, 0x0c,
 0x42, 0x02, 0x01, 0x00, 0x01, 0x00, 0x01, 0x03,
 0x00, 0x02, 0x00, 0x07, 0x01, 0xf6, 0x06, 0x00,
 0x01, 0x00, 0xd6, 0x05, 0x7e, 0x00, 0x88, 0x04,
 0x17, 0x00, 0xe4, 0xd8, 0xe5, 0x96, 0xf7, 0xe9,
 0x29, 0x0c, 0x42, 0x02, 0x01, 0x00, 0x00, 0x00,
 0x00, 0x01, 0x00, 0x02, 0x00, 0x08, 0x00, 0x80,
 0x04, 0x13, 0x00, 0x82, 0x04, 0x14, 0x00, 0xe4,
 0x40, 0x6d, 0x02, 0x00, 0x00, 0xe9, 0x29, 0x0c,
 0x42, 0x02, 0x01, 0x00, 0x00, 0x00, 0x00, 0x01,
 0x00, 0x02, 0x00, 0x08, 0x00, 0x80, 0x04, 0x13,
 0x00, 0x82, 0x04, 0x14, 0x00, 0xe4, 0x40, 0x70,
 0x02, 0x00, 0x00, 0xe9, 0x29, 0x0c, 0x42, 0x02,
 0x01, 0x00, 0x00, 0x00, 0x00, 0x03, 0x00, 0x01,
 0x00, 0x11, 0x00, 0xec, 0x03, 0x00, 0x1a, 0x64,
 0x00, 0x00, 0x41, 0x9d, 0x01, 0x00, 0x00, 0x04,
 0x7a, 0x02, 0x00, 0x00, 0x24, 0x01, 0x00, 0x29,
 0x0c, 0x42, 0x02, 0x01, 0x00, 0x00, 0x00, 0x00,
 0x02, 0x00, 0x01, 0x00, 0x04, 0x00, 0xd4, 0x05,
 0x7d, 0x00, 0xe4, 0xbb, 0xf6, 0x29, 0x0c, 0x43,
 0x02, 0x01, 0xda, 0x05, 0x00, 0x00, 0x00, 0x03,
 0x00, 0x02, 0x00, 0x14, 0x00, 0xec, 0x03, 0x00,
 0x1a, 0xdc, 0x05, 0x81, 0x01, 0x00, 0x64, 0x00,
 0x00, 0x41, 0x9d, 0x01, 0x00, 0x00, 0x04, 0x7b,
 0x02, 0x00, 0x00, 0x24, 0x01, 0x00, 0x0e, 0xe5,
 0xf5, 0x29, 0x0c, 0x43, 0x02, 0x01, 0xdc, 0x05,
 0x00, 0x00, 0x00, 0x04, 0x00, 0x04, 0x00, 0x0c,
 0x00, 0xc0, 0x05, 0x73, 0x00, 0xb6, 0x05, 0x6e,
 0x00, 0xa8, 0x04, 0x27, 0x00, 0xde, 0x05, 0x82,
 0x01, 0x00, 0xe4, 0xe5, 0x04, 0x7c, 0x02, 0x00,
 0x00, 0xe6, 0xf7, 0xe7, 0xf7, 0x29, 0x0c, 0x43,
 0x02, 0x01, 0xde, 0x05, 0x01, 0x00, 0x01, 0x02,
 0x00, 0x02, 0x00, 0x09, 0x01, 0xfa, 0x09, 0x00,
 0x01, 0x00, 0xe0, 0x05, 0x83, 0x01, 0x00, 0xdc,
 0x05, 0x81, 0x01, 0x00, 0xe4, 0xd8, 0xf6, 0xf2,
 0x04, 0xe5, 0xf5, 0x0e, 0x29, 0x0c, 0x43, 0x02,
 0x01, 0xe0, 0x05, 0x01, 0x01, 0x01, 0x02, 0x00,
 0x06, 0x00, 0x39, 0x02, 0xfa, 0x09, 0x00, 0x01,
 0x00, 0xd2, 0x06, 0x00, 0x00, 0x00, 0xa6, 0x04,
 0x26, 0x00, 0xce, 0x05, 0x7a, 0x00, 0xea, 0x05,
 0x88, 0x01, 0x00, 0x98, 0x04, 0x1f, 0x00, 0xa8,
 0x04, 0x27, 0x00, 0xe2, 0x05, 0x84, 0x01, 0x00,
 0xd8, 0xf2, 0x03, 0x09, 0x28, 0xe4, 0xf1, 0x0d,
 0xe4, 0x04, 0xa4, 0x01, 0x00, 0x00, 0x9d, 0xd8,
 0x9d, 0xdc, 0xf3, 0x08, 0xe5, 0xd8, 0xf6, 0xf1,
 0x03, 0x09, 0x28, 0xe6, 0xd8, 0xf6, 0xd4, 0xbb,
 0x46, 0xeb, 0xcc, 0xbc, 0x46, 0x5e, 0x04, 0x00,
 0xe7, 0xf1, 0x05, 0xd8, 0xe8, 0x09, 0x28, 0xc7,
 0xe8, 0x5d, 0x05, 0x00, 0xd8, 0xf6, 0x0e, 0x0a,
 0x28, 0x0c, 0x43, 0x02, 0x01, 0xe2, 0x05, 0x01,
 0x01, 0x01, 0x06, 0x00, 0x06, 0x00, 0x4a, 0x02,
 0xfa, 0x09, 0x00, 0x01, 0x00, 0xfc, 0x09, 0x00,
 0x00, 0x00, 0x90, 0x04, 0x1b, 0x00, 0xee, 0x03,
 0x01, 0x1a, 0xa2, 0x04, 0x24, 0x00, 0xec, 0x03,
 0x00, 0x1a, 0xe4, 0x05, 0x85, 0x01, 0x00, 0xe6,
 0x05, 0x86, 0x01, 0x00, 0xe4, 0xf1, 0x09, 0x04,
 0x7f, 0x02, 0x00, 0x00, 0xd8, 0x9d, 0xdc, 0x64,
 0x01, 0x00, 0x41, 0x80, 0x02, 0x00, 0x00, 0x24,
 0x00, 0x00, 0xea, 0x38, 0xce, 0x00, 0x00, 0x00,
 0x41, 0x18, 0x00, 0x00, 0x00, 0x64, 0x03, 0x00,
 0x40, 0x81, 0x02, 0x00, 0x00, 0xd8, 0x0b, 0x0a,
 0x4b, 0x82, 0x02, 0x00, 0x00, 0x0a, 0x4b, 0x8f,
 0x00, 0x00, 0x00, 0x24, 0x03, 0x00, 0xd4, 0x41,
 0x89, 0x00, 0x00, 0x00, 0x5d, 0x04, 0x00, 0x5d,
 0x05, 0x00, 0x24, 0x02, 0x00, 0x29, 0x0c, 0x43,
 0x02, 0x01, 0xe4, 0x05, 0x01, 0x00, 0x01, 0x02,
 0x00, 0x06, 0x00, 0x27, 0x01, 0xfc, 0x09, 0x00,
 0x01, 0x00, 0xee, 0x03, 0x01, 0x1a, 0xa2, 0x04,
 0x24, 0x00, 0xa4, 0x04, 0x25, 0x00, 0xcc, 0x05,
 0x79, 0x00, 0xf2, 0x03, 0x00, 0x01, 0xe8, 0x05,
 0x87, 0x01, 0x00, 0xd8, 0x40, 0x44, 0x00, 0x00,
 0x00, 0xdc, 0x64, 0x00, 0x00, 0x41, 0x80, 0x02,
 0x00, 0x00, 0x24, 0x00, 0x00, 0xe5, 0x9e, 0xea,
 0xe7, 0xd8, 0xf6, 0x0e, 0x5d, 0x04, 0x00, 0xd8,
 0x42, 0x8b, 0x01, 0x00, 0x00, 0x5d, 0x05, 0x00,
 0xf5, 0x29, 0x0c, 0x43, 0x02, 0x01, 0xe6, 0x05,
 0x01, 0x00, 0x01, 0x04, 0x00, 0x06, 0x00, 0xa1,
 0x01, 0x01, 0x6e, 0x00, 0x01, 0x00, 0x88, 0x04,
 0x17, 0x00, 0xec, 0x03, 0x00, 0x1a, 0xfe, 0x03,
 0x12, 0x00, 0x82, 0x04, 0x14, 0x00, 0xc0, 0x02,
 0x09, 0x00, 0xe8, 0x05, 0x87, 0x01, 0x00, 0xe4,
 0xf1, 0x15, 0x64, 0x01, 0x00, 0x41, 0x9d, 0x01,
 0x00, 0x00, 0xe6, 0xe7, 0x40, 0x37, 0x00, 0x00,
 0x00, 0x46, 0x24, 0x01, 0x00, 0x0e, 0xd8, 0x5d,
 0x04, 0x00, 0xaa, 0xf1, 0x3b, 0x64, 0x01, 0x00,
 0x41, 0x9d, 0x01, 0x00, 0x00, 0xd8, 0x24, 0x01,
 0x00, 0x0e, 0x64, 0x01, 0x00, 0x41, 0x9d, 0x01,
 0x00, 0x00, 0x04, 0xa4, 0x01, 0x00, 0x00, 0x24,
 0x01, 0x00, 0x0e, 0xd8, 0x40, 0x39, 0x00, 0x00,
 0x00, 0xf1, 0x44, 0x64, 0x01, 0x00, 0x41, 0x9d,
 0x01, 0x00, 0x00, 0xd8, 0x40, 0x39, 0x00, 0x00,
 0x00, 0x24, 0x01, 0x00, 0x0e, 0xf3, 0x30, 0x64,
 0x01, 0x00, 0x41, 0x9d, 0x01, 0x00, 0x00, 0x04,
 0x83, 0x02, 0x00, 0x00, 0x24, 0x01, 0x00, 0x0e,
 0x64, 0x01, 0x00, 0x41, 0x9d, 0x01, 0x00, 0x00,
 0xd8, 0x24, 0x01, 0x00, 0x0e, 0x64, 0x01, 0x00,
 0x41, 0x9d, 0x01, 0x00, 0x00, 0x04, 0xa4, 0x01,
 0x00, 0x00, 0x24, 0x01, 0x00, 0x0e, 0xe4, 0xf1,
 0x13, 0x64, 0x01, 0x00, 0x41, 0x9d, 0x01, 0x00,
 0x00, 0xe6, 0x40, 0x9e, 0x01, 0x00, 0x00, 0x24,
 0x01, 0x00, 0x0e, 0x5d, 0x05, 0x00, 0xf5, 0x29,
 0x0c, 0x43, 0x02, 0x01, 0xe8, 0x05, 0x00, 0x00,
 0x00, 0x02, 0x00, 0x03, 0x00, 0x11, 0x00, 0xa8,
 0x04, 0x27, 0x00, 0xec, 0x03, 0x00, 0x1a, 0xdc,
 0x05, 0x81, 0x01, 0x00, 0xbb, 0xe8, 0x64, 0x01,
 0x00, 0x41, 0x84, 0x02, 0x00, 0x00, 0x24, 0x00,
 0x00, 0x0e, 0xe6, 0xf5, 0x29, 0x0c, 0x43, 0x02,
 0x01, 0xea, 0x05, 0x01, 0x17, 0x01, 0x04, 0x0f,
 0x03, 0x0a, 0x84, 0x04, 0x18, 0x9e, 0x06, 0x00,
 0x01, 0x40, 0x06, 0x86, 0x06, 0x00, 0x00, 0x40,
 0x04, 0x8c, 0x06, 0x00, 0x01, 0x40, 0x08, 0xb2,
 0x06, 0x00, 0x02, 0x40, 0x0a, 0xc0, 0x06, 0x00,
 0x03, 0x40, 0x05, 0xb8, 0x06, 0x00, 0x04, 0x40,
 0x02, 0x8a, 0x0a, 0x00, 0x05, 0x40, 0x00, 0xa8,
 0x04, 0x00, 0x06, 0x00, 0x8c, 0x0a, 0x00, 0x07,
 0x00, 0x8e, 0x0a, 0x00, 0x08, 0x40, 0x09, 0x9a,
 0x07, 0x00, 0x09, 0x40, 0x0e, 0x90, 0x0a, 0x00,
 0x0a, 0x40, 0x03, 0x92, 0x0a, 0x00, 0x0b, 0x40,
 0x01, 0x94, 0x0a, 0x00, 0x0c, 0x40, 0x07, 0x96,
 0x0a, 0x00, 0x0d, 0x00, 0x98, 0x0a, 0x00, 0x0e,
 0x00, 0x9a, 0x0a, 0x00, 0x0f, 0x00, 0x9c, 0x0a,
 0x00, 0x10, 0x00, 0x9e, 0x0a, 0x00, 0x11, 0x00,
 0xa0, 0x0a, 0x00, 0x12, 0x40, 0x0b, 0xa2, 0x0a,
 0x00, 0x13, 0x40, 0x0c, 0xa4, 0x0a, 0x00, 0x14,
 0x40, 0x0d, 0xa6, 0x0a, 0x00, 0x15, 0x00, 0xa8,
 0x0a, 0x00, 0x16, 0x00, 0xd0, 0x04, 0x3b, 0x00,
 0xd8, 0x04, 0x3f, 0x00, 0xce, 0x04, 0x3a, 0x00,
 0x0c, 0x43, 0x02, 0x01, 0x90, 0x0a, 0x01, 0x00,
 0x01, 0x02, 0x00, 0x01, 0x00, 0x05, 0x01, 0x8c,
 0x06, 0x00, 0x01, 0x00, 0x8a, 0x0a, 0x05, 0x00,
 0xe4, 0xd8, 0x9d, 0xe8, 0x29, 0x0c, 0x43, 0x02,
 0x01, 0x92, 0x0a, 0x01, 0x00, 0x01, 0x04, 0x00,
 0x01, 0x00, 0x0d, 0x01, 0x8c, 0x06, 0x00, 0x01,
 0x00, 0x8a, 0x0a, 0x05, 0x00, 0xe4, 0x41, 0x9f,
 0x01, 0x00, 0x00, 0xe4, 0xf0, 0xbc, 0x9e, 0x25,
 0x01, 0x00, 0x0c, 0x43, 0x02, 0x01, 0x94, 0x0a,
 0x01, 0x00, 0x01, 0x05, 0x00, 0x02, 0x00, 0x14,
 0x01, 0x8c, 0x06, 0x00, 0x01, 0x00, 0x92, 0x0a,
 0x0b, 0x00, 0x8a, 0x0a, 0x05, 0x00, 0xe4, 0xf5,
 0xdc, 0xe5, 0x41, 0x9f, 0x01, 0x00, 0x00, 0xbb,
 0xe5, 0xf0, 0xbc, 0x9e, 0x24, 0x02, 0x00, 0xe9,
 0xd8, 0x28, 0x0c, 0x43, 0x02, 0x01, 0x96, 0x0a,
 0x00, 0x00, 0x00, 0x03, 0x00, 0x06, 0x00, 0x49,
 0x00, 0xb8, 0x06, 0x04, 0x00, 0x90, 0x0a, 0x0a,
 0x00, 0x86, 0x06, 0x00, 0x00, 0xc0, 0x06, 0x03,
 0x00, 0x9e, 0x06, 0x00, 0x01, 0x94, 0x0a, 0x0c,
 0x00, 0x04, 0x95, 0x02, 0x00, 0x00, 0xe8, 0xe5,
 0x04, 0xca, 0x01, 0x00, 0x00, 0xf6, 0x0e, 0xe6,
 0x8f, 0xea, 0xe6, 0xe7, 0xbc, 0x9e, 0xa6, 0xf1,
 0x31, 0x5d, 0x04, 0x00, 0xe6, 0x46, 0x04, 0x87,
 0x00, 0x00, 0x00, 0xac, 0xf1, 0x1f, 0x5d, 0x04,
 0x00, 0xe6, 0xbc, 0x9d, 0x46, 0x04, 0xca, 0x01,
 0x00, 0x00, 0xac, 0xf1, 0x10, 0xe6, 0xbd, 0x9d,
 0xea, 0x5d, 0x05, 0x00, 0x04, 0xca, 0x01, 0x00,
 0x00, 0xf6, 0x0e, 0x29, 0xe6, 0x8f, 0xea, 0xf3,
 0xca, 0x29, 0x0c, 0x43, 0x02, 0x01, 0x98, 0x0a,
 0x00, 0x00, 0x00, 0x02, 0x00, 0x04, 0x00, 0x1f,
 0x00, 0xb8, 0x06, 0x04, 0x00, 0x86, 0x06, 0x00,
 0x00, 0xc0, 0x06, 0x03, 0x00, 0x9e, 0x06, 0x00,
 0x01, 0x04, 0x95, 0x02, 0x00, 0x00, 0xe8, 0xe5,
 0x8f, 0xe9, 0xe5, 0xe6, 0xa6, 0xf1, 0x11, 0xe7,
 0xe5, 0x46, 0x04, 0xa4, 0x01, 0x00, 0x00, 0xac,
 0xf2, 0x06, 0xe5, 0x8f, 0xe9, 0xf3, 0xec, 0x29,
 0x0c, 0x43, 0x02, 0x01, 0x9a, 0x0a, 0x01, 0x00,
 0x01, 0x03, 0x00, 0x07, 0x00, 0x4c, 0x01, 0xac,
 0x0a, 0x00, 0x01, 0x00, 0xb8, 0x06, 0x04, 0x00,
 0x90, 0x0a, 0x0a, 0x00, 0x86, 0x06, 0x00, 0x00,
 0xc0, 0x06, 0x03, 0x00, 0x9e, 0x06, 0x00, 0x01,
 0x8c, 0x06, 0x01, 0x00, 0x94, 0x0a, 0x0c, 0x00,
 0x04, 0x4c, 0x00, 0x00, 0x00, 0xe8, 0xe5, 0xd8,
 0xf6, 0x0e, 0xe6, 0xe7, 0xa6, 0xf1, 0x3d, 0x5d,
 0x04, 0x00, 0xe6, 0x91, 0xea, 0x46, 0x5f, 0x05,
 0x00, 0x04, 0xa4, 0x01, 0x00, 0x00, 0xac, 0xf1,
 0x09, 0x04, 0x37, 0x00, 0x00, 0x00, 0xe8, 0xf3,
 0xe2, 0x5d, 0x05, 0x00, 0x04, 0xc3, 0x01, 0x00,
 0x00, 0xac, 0xf1, 0x0b, 0xe6, 0xe7, 0xa9, 0xf2,
 0x13, 0xe6, 0x8f, 0xea, 0xf3, 0xcd, 0x5d, 0x05,
 0x00, 0xd8, 0xac, 0xf1, 0xc6, 0x5d, 0x06, 0x00,
 0xf5, 0x0e, 0x29, 0x29, 0x0c, 0x43, 0x02, 0x01,
 0x9c, 0x0a, 0x00, 0x00, 0x00, 0x03, 0x00, 0x09,
 0x00, 0xc4, 0x01, 0x00, 0xb8, 0x06, 0x04, 0x00,
 0x90, 0x0a, 0x0a, 0x00, 0x86, 0x06, 0x00, 0x00,
 0xc0, 0x06, 0x03, 0x00, 0x9e, 0x06, 0x00, 0x01,
 0x8c, 0x06, 0x01, 0x00, 0x92, 0x0a, 0x0b, 0x00,
 0x94, 0x0a, 0x0c, 0x00, 0xd0, 0x04, 0x00, 0x02,
 0x04, 0x41, 0x02, 0x00, 0x00, 0xe8, 0xe5, 0x04,
 0xca, 0x01, 0x00, 0x00, 0xf6, 0x0e, 0xe6, 0xe7,
 0xa6, 0x68, 0xb1, 0x00, 0x00, 0x00, 0x5d, 0x04,
 0x00, 0xe6, 0x91, 0xea, 0x46, 0x5f, 0x05, 0x00,
 0x04, 0xa4, 0x01, 0x00, 0x00, 0xac, 0xf1, 0x09,
 0x04, 0x37, 0x00, 0x00, 0x00, 0xe8, 0xf3, 0xdf,
 0x5d, 0x05, 0x00, 0x04, 0xc3, 0x01, 0x00, 0x00,
 0xac, 0xf1, 0x0b, 0xe6, 0xe7, 0xa6, 0xf1, 0xcf,
 0xe6, 0x8f, 0xea, 0xf3, 0xca, 0x5d, 0x06, 0x00,
 0xf5, 0x04, 0xed, 0x01, 0x00, 0x00, 0xac, 0xf1,
 0x13, 0x5d, 0x05, 0x00, 0x04, 0xc9, 0x01, 0x00,
 0x00, 0xac, 0xf1, 0xb3, 0x5d, 0x07, 0x00, 0xf5,
 0x0e, 0xf3, 0xac, 0x5d, 0x05, 0x00, 0x04, 0xed,
 0x01, 0x00, 0x00, 0xac, 0xf1, 0x2e, 0xe5, 0x04,
 0xed, 0x01, 0x00, 0x00, 0xf6, 0x0e, 0x5d, 0x04,
 0x00, 0xe6, 0x46, 0x04, 0xed, 0x01, 0x00, 0x00,
 0xac, 0x11, 0xf2, 0x0d, 0x0e, 0x5d, 0x04, 0x00,
 0xe6, 0x46, 0x04, 0xc9, 0x01, 0x00, 0x00, 0xac,
 0x68, 0x7d, 0xff, 0xff, 0xff, 0xe6, 0x8f, 0xea,
 0xf4, 0x75, 0xff, 0x5d, 0x05, 0x00, 0x04, 0xca,
 0x01, 0x00, 0x00, 0xac, 0x68, 0x69, 0xff, 0xff,
 0xff, 0x5d, 0x07, 0x00, 0xf5, 0x0e, 0xe6, 0xe7,
 0xa6, 0xf1, 0x11, 0x5d, 0x08, 0x00, 0x5d, 0x04,
 0x00, 0xe6, 0x46, 0xf6, 0xf1, 0x06, 0xe6, 0x8f,
 0xea, 0xf3, 0xec, 0x29, 0x0c, 0x43, 0x02, 0x01,
 0x9e, 0x0a, 0x00, 0x00, 0x00, 0x03, 0x00, 0x05,
 0x00, 0x41, 0x00, 0xb8, 0x06, 0x04, 0x00, 0x86,
 0x06, 0x00, 0x00, 0xc0, 0x06, 0x03, 0x00, 0xd0,
 0x04, 0x00, 0x02, 0x9e, 0x06, 0x00, 0x01, 0x04,
 0x4a, 0x00, 0x00, 0x00, 0xe8, 0xe5, 0xe6, 0xa6,
 0xf1, 0x36, 0xe7, 0x5d, 0x04, 0x00, 0xe5, 0x46,
 0xf6, 0x11, 0xf2, 0x25, 0x0e, 0x5d, 0x04, 0x00,
 0xe5, 0x46, 0x04, 0xbe, 0x01, 0x00, 0x00, 0xac,
 0xf1, 0x1e, 0xe5, 0xe6, 0xbc, 0x9e, 0xac, 0x11,
 0xf2, 0x0f, 0x0e, 0x5d, 0x04, 0x00, 0xe5, 0xbc,
 0x9d, 0x46, 0x04, 0xbe, 0x01, 0x00, 0x00, 0xad,
 0xf1, 0x06, 0xe5, 0x8f, 0xe9, 0xf3, 0xc7, 0x29,
 0x0c, 0x43, 0x02, 0x01, 0xa6, 0x0a, 0x00, 0x03,
 0x00, 0x04, 0x00, 0x0a, 0x00, 0x95, 0x02, 0x03,
 0xf6, 0x06, 0x00, 0x00, 0x00, 0x90, 0x09, 0x00,
 0x01, 0x00, 0xae, 0x0a, 0x00, 0x02, 0x00, 0x8e,
 0x0a, 0x08, 0x00, 0x86, 0x06, 0x00, 0x00, 0xc0,
 0x06, 0x03, 0x00, 0xd0, 0x04, 0x00, 0x02, 0x9e,
 0x06, 0x00, 0x01, 0xb2, 0x06, 0x02, 0x00, 0xa0,
 0x0a, 0x12, 0x00, 0xb8, 0x06, 0x04, 0x00, 0xa2,
 0x0a, 0x13, 0x00, 0xa4, 0x0a, 0x14, 0x00, 0xbc,
 0xe8, 0xe5, 0xe6, 0xa6, 0xf1, 0x0f, 0xe7, 0x5d,
 0x04, 0x00, 0xe5, 0x46, 0xf6, 0xf1, 0x06, 0xe5,
 0x8f, 0xe9, 0xf3, 0xee, 0x5d, 0x04, 0x00, 0x41,
 0x9f, 0x01, 0x00, 0x00, 0x5d, 0x05, 0x00, 0xe5,
 0x24, 0x02, 0x00, 0xd0, 0x04, 0x98, 0x02, 0x00,
 0x00, 0xcc, 0x9d, 0x04, 0x98, 0x02, 0x00, 0x00,
 0x9d, 0xd1, 0x5d, 0x06, 0x00, 0x41, 0xc5, 0x01,
 0x00, 0x00, 0xcd, 0x24, 0x01, 0x00, 0xbb, 0xa9,
 0xf1, 0x7c, 0x04, 0x47, 0x02, 0x00, 0x00, 0x5e,
 0x07, 0x00, 0xcc, 0x04, 0x03, 0x00, 0x00, 0x00,
 0xae, 0x11, 0xf2, 0x09, 0x0e, 0xcc, 0x04, 0x02,
 0x00, 0x00, 0x00, 0xae, 0xf1, 0x0b, 0x04, 0x4b,
 0x00, 0x00, 0x00, 0x5e, 0x07, 0x00, 0xf3, 0x43,
 0xcc, 0x04, 0x03, 0x00, 0x00, 0x00, 0xae, 0x11,
 0xf2, 0x09, 0x0e, 0xcc, 0x04, 0x02, 0x00, 0x00,
 0x00, 0xae, 0xf1, 0x0b, 0x04, 0x4b, 0x00, 0x00,
 0x00, 0x5e, 0x07, 0x00, 0xf3, 0x25, 0xcc, 0x04,
 0x01, 0x00, 0x00, 0x00, 0xae, 0xf1, 0x0b, 0x04,
 0x01, 0x00, 0x00, 0x00, 0x5e, 0x07, 0x00, 0xf3,
 0x12, 0xcc, 0x04, 0x49, 0x00, 0x00, 0x00, 0xae,
 0xf1, 0x09, 0x04, 0x49, 0x00, 0x00, 0x00, 0x5e,
 0x07, 0x00, 0x5d, 0x08, 0x00, 0x41, 0xc5, 0x01,
 0x00, 0x00, 0xcd, 0x24, 0x01, 0x00, 0xbb, 0xa9,
 0xf1, 0x03, 0xbb, 0xe8, 0x29, 0xe5, 0xd2, 0xce,
 0xe6, 0xa6, 0xf1, 0x12, 0x5d, 0x04, 0x00, 0xce,
 0x46, 0x04, 0xe8, 0x01, 0x00, 0x00, 0xac, 0xf1,
 0x05, 0x93, 0x02, 0xf3, 0xeb, 0xce, 0xe6, 0xa6,
 0xf1, 0x17, 0x5d, 0x04, 0x00, 0xce, 0x46, 0x04,
 0xdf, 0x01, 0x00, 0x00, 0xac, 0xf1, 0x0a, 0x04,
 0x1b, 0x00, 0x00, 0x00, 0x5e, 0x07, 0x00, 0x29,
 0x5d, 0x09, 0x00, 0x41, 0xc5, 0x01, 0x00, 0x00,
 0xcd, 0x24, 0x01, 0x00, 0xbb, 0xa9, 0xf1, 0x0a,
 0x04, 0x18, 0x02, 0x00, 0x00, 0x5e, 0x07, 0x00,
 0x29, 0x04, 0x99, 0x02, 0x00, 0x00, 0x5e, 0x07,
 0x00, 0xbb, 0xe8, 0x29, 0x0c, 0x43, 0x02, 0x01,
 0xa8, 0x0a, 0x02, 0x00, 0x02, 0x03, 0x00, 0x02,
 0x00, 0x2b, 0x02, 0x86, 0x02, 0x00, 0x01, 0x00,
 0xb4, 0x0a, 0x00, 0x01, 0x00, 0x9a, 0x07, 0x09,
 0x00, 0xb8, 0x06, 0x04, 0x00, 0xe4, 0xf0, 0xd8,
 0xa6, 0xf1, 0x12, 0xe4, 0x41, 0xb2, 0x01, 0x00,
 0x00, 0x04, 0x16, 0x00, 0x00, 0x00, 0x24, 0x01,
 0x00, 0x0e, 0xf3, 0xea, 0xe4, 0xf0, 0xd9, 0xa6,
 0xf1, 0x0e, 0xe4, 0x41, 0xb2, 0x01, 0x00, 0x00,
 0xe5, 0x24, 0x01, 0x00, 0x0e, 0xf3, 0xee, 0x29,
 0xc6, 0x00, 0xc9, 0x0a, 0xc6, 0x01, 0xc9, 0x0b,
 0xc6, 0x02, 0xc9, 0x0c, 0xc6, 0x03, 0xc9, 0x0d,
 0xc6, 0x04, 0xc9, 0x0e, 0xc6, 0x05, 0xc9, 0x0f,
 0xc6, 0x06, 0xc9, 0x10, 0xc6, 0x07, 0xc9, 0x11,
 0xc6, 0x08, 0xc9, 0x15, 0xc6, 0x09, 0xc9, 0x16,
 0xd8, 0xf0, 0xd3, 0xc7, 0xc9, 0x05, 0xbb, 0xc9,
 0x06, 0xbc, 0xc9, 0x08, 0x26, 0x00, 0x00, 0xc9,
 0x09, 0x04, 0x98, 0x02, 0x00, 0x00, 0x04, 0x9b,
 0x02, 0x00, 0x00, 0x9d, 0x04, 0x9c, 0x02, 0x00,
 0x00, 0x9d, 0x04, 0x9d, 0x02, 0x00, 0x00, 0x9d,
 0x04, 0x9e, 0x02, 0x00, 0x00, 0x9d, 0x04, 0x9f,
 0x02, 0x00, 0x00, 0x9d, 0x04, 0xa0, 0x02, 0x00,
 0x00, 0x9d, 0x04, 0xa1, 0x02, 0x00, 0x00, 0x9d,
 0x04, 0xa2, 0x02, 0x00, 0x00, 0x9d, 0x04, 0xa3,
 0x02, 0x00, 0x00, 0x9d, 0xc9, 0x12, 0x04, 0xa4,
 0x02, 0x00, 0x00, 0xc9, 0x13, 0x04, 0xa5, 0x02,
 0x00, 0x00, 0xc9, 0x14, 0xbb, 0xd0, 0xcc, 0xcf,
 0xa6, 0x68, 0x6a, 0x01, 0x00, 0x00, 0x07, 0xc9,
 0x04, 0xcc, 0xd2, 0xd8, 0xcc, 0x91, 0xd0, 0x46,
 0xd5, 0x11, 0x04, 0xe8, 0x01, 0x00, 0x00, 0xae,
 0xf2, 0x1c, 0x11, 0x04, 0xa6, 0x02, 0x00, 0x00,
 0xae, 0xf2, 0x13, 0x11, 0x04, 0xa7, 0x02, 0x00,
 0x00, 0xae, 0xf2, 0x0a, 0x11, 0x04, 0xa4, 0x01,
 0x00, 0x00, 0xae, 0xf1, 0x04, 0x0e, 0xf3, 0xc7,
 0x11, 0x04, 0xa8, 0x02, 0x00, 0x00, 0xae, 0xf2,
 0x0a, 0x11, 0x04, 0xf3, 0x01, 0x00, 0x00, 0xae,
 0xf1, 0x18, 0xcc, 0xcf, 0xa6, 0xf1, 0x0d, 0xd8,
 0xcc, 0x46, 0xcd, 0xac, 0xf1, 0x06, 0x93, 0x00,
 0x0e, 0xf3, 0xa4, 0xbc, 0xc9, 0x08, 0x0e, 0xf3,
 0x9e, 0x11, 0x04, 0xca, 0x01, 0x00, 0x00, 0xae,
 0xf1, 0x44, 0xcc, 0xcf, 0xa6, 0xf1, 0x13, 0xd8,
 0xcc, 0x46, 0x04, 0x87, 0x00, 0x00, 0x00, 0xac,
 0xf1, 0x08, 0xc8, 0x0d, 0xf5, 0x0e, 0xf4, 0xdc,
 0x00, 0xcc, 0xcf, 0xa6, 0xf1, 0x13, 0xd8, 0xcc,
 0x46, 0x04, 0xca, 0x01, 0x00, 0x00, 0xac, 0xf1,
 0x08, 0xc8, 0x0e, 0xf5, 0x0e, 0xf4, 0xc5, 0x00,
 0xc8, 0x08, 0xf1, 0x0b, 0xc8, 0x10, 0xf5, 0x0e,
 0xbb, 0xc9, 0x08, 0xf4, 0xb7, 0x00, 0xbc, 0xc9,
 0x08, 0x0e, 0xf4, 0x53, 0xff, 0x11, 0x04, 0xc6,
 0x01, 0x00, 0x00, 0xae, 0xf2, 0x13, 0x11, 0x04,
 0xc7, 0x01, 0x00, 0x00, 0xae, 0xf2, 0x0a, 0x11,
 0x04, 0xc8, 0x01, 0x00, 0x00, 0xae, 0xf1, 0x0c,
 0xc8, 0x0f, 0xcd, 0xf6, 0x0e, 0xbb, 0xc9, 0x08,
 0xf4, 0x8a, 0x00, 0x11, 0x04, 0xdf, 0x01, 0x00,
 0x00, 0xae, 0xf2, 0x13, 0x11, 0x04, 0xed, 0x01,
 0x00, 0x00, 0xae, 0xf2, 0x0a, 0x11, 0x04, 0x30,
 0x02, 0x00, 0x00, 0xae, 0xf1, 0x0f, 0xbc, 0xc9,
 0x08, 0x93, 0x06, 0xc8, 0x0a, 0xcd, 0xf6, 0x0e,
 0x0e, 0xf4, 0x04, 0xff, 0x11, 0x04, 0xe0, 0x01,
 0x00, 0x00, 0xae, 0xf2, 0x13, 0x11, 0x04, 0xc9,
 0x01, 0x00, 0x00, 0xae, 0xf2, 0x0a, 0x11, 0x04,
 0x31, 0x02, 0x00, 0x00, 0xae, 0xf1, 0x25, 0xbb,
 0xc9, 0x08, 0xc8, 0x06, 0xbb, 0xa8, 0xf1, 0x13,
 0xe5, 0xc8, 0x0b, 0xf5, 0xcd, 0xf7, 0xf1, 0x0b,
 0x92, 0x06, 0xc8, 0x0c, 0xf5, 0x0e, 0x0e, 0xf4,
 0xce, 0xfe, 0x04, 0x37, 0x00, 0x00, 0x00, 0xc9,
 0x04, 0xf3, 0x21, 0xe6, 0xcd, 0xf6, 0xf1, 0x0a,
 0xc8, 0x11, 0xf5, 0x0e, 0xbb, 0xc9, 0x08, 0xf3,
 0x13, 0xe4, 0xcd, 0xf6, 0xf1, 0x07, 0xc8, 0x15,
 0xf5, 0x0e, 0xf3, 0x08, 0xbc, 0xc9, 0x08, 0x0e,
 0xf4, 0xa5, 0xfe, 0x0e, 0xc8, 0x04, 0x68, 0x9f,
 0xfe, 0xff, 0xff, 0xc8, 0x16, 0xce, 0xcc, 0xf7,
 0x0e, 0xf4, 0x94, 0xfe, 0xc8, 0x16, 0xcf, 0xcf,
 0xf7, 0x0e, 0xc8, 0x05, 0xc8, 0x06, 0xc8, 0x09,
 0x26, 0x03, 0x00, 0x28, 0x0c, 0x43, 0x02, 0x01,
 0xec, 0x05, 0x01, 0x02, 0x01, 0x04, 0x00, 0x02,
 0x00, 0x9d, 0x01, 0x03, 0xf6, 0x06, 0x00, 0x01,
 0x00, 0xd2, 0x0a, 0x00, 0x00, 0x00, 0xd4, 0x0a,
 0x00, 0x01, 0x00, 0xec, 0x03, 0x00, 0x1a, 0xee,
 0x03, 0x01, 0x1a, 0x64, 0x00, 0x00, 0x41, 0xab,
 0x02, 0x00, 0x00, 0x04, 0xac, 0x02, 0x00, 0x00,
 0x24, 0x01, 0x00, 0xd4, 0xf1, 0x16, 0xcc, 0xbb,
 0x46, 0x04, 0xca, 0x01, 0x00, 0x00, 0xae, 0xf1,
 0x0b, 0xcc, 0x04, 0xca, 0x01, 0x00, 0x00, 0x9d,
 0xd8, 0x9d, 0x28, 0x64, 0x00, 0x00, 0x41, 0xab,
 0x02, 0x00, 0x00, 0x04, 0xad, 0x02, 0x00, 0x00,
 0x24, 0x01, 0x00, 0xd1, 0x64, 0x01, 0x00, 0x40,
 0xae, 0x02, 0x00, 0x00, 0x04, 0xaf, 0x02, 0x00,
 0x00, 0xae, 0xf1, 0x0c, 0xcd, 0xf1, 0x09, 0xcd,
 0x04, 0xb0, 0x02, 0x00, 0x00, 0x9d, 0xd0, 0x64,
 0x01, 0x00, 0x41, 0xb1, 0x02, 0x00, 0x00, 0xcc,
 0x04, 0xca, 0x01, 0x00, 0x00, 0x9d, 0x24, 0x01,
 0x00, 0xbc, 0x46, 0xbb, 0xae, 0xf1, 0x0b, 0xcc,
 0x04, 0xca, 0x01, 0x00, 0x00, 0x9d, 0xd8, 0x9d,
 0x28, 0xcd, 0x11, 0xf2, 0x1b, 0x0e, 0x64, 0x00,
 0x00, 0x41, 0xab, 0x02, 0x00, 0x00, 0x04, 0xb2,
 0x02, 0x00, 0x00, 0x24, 0x01, 0x00, 0x11, 0xf2,
 0x07, 0x0e, 0x04, 0xbe, 0x01, 0x00, 0x00, 0x04,
 0xb3, 0x02, 0x00, 0x00, 0x9d, 0xd8, 0x9d, 0x28,
 0x0c, 0x43, 0x02, 0x01, 0xee, 0x05, 0x00, 0x03,
 0x00, 0x05, 0x00, 0x03, 0x00, 0x67, 0x03, 0xf6,
 0x06, 0x00, 0x00, 0x00, 0xe8, 0x0a, 0x00, 0x01,
 0x00, 0xea, 0x09, 0x05, 0x00, 0x03, 0x92, 0x04,
 0x1c, 0x00, 0xec, 0x03, 0x00, 0x1a, 0xec, 0x05,
 0x89, 0x01, 0x00, 0xe4, 0x41, 0xbf, 0x01, 0x00,
 0x00, 0xc4, 0x18, 0xfc, 0x24, 0x01, 0x00, 0x41,
 0x63, 0x00, 0x00, 0x00, 0x04, 0xa4, 0x01, 0x00,
 0x00, 0x24, 0x01, 0x00, 0x41, 0x5a, 0x02, 0x00,
 0x00, 0x24, 0x00, 0x00, 0xd4, 0xf1, 0x43, 0x6b,
 0x38, 0x00, 0x00, 0x00, 0x64, 0x01, 0x00, 0x41,
 0xb5, 0x02, 0x00, 0x00, 0xe6, 0x04, 0xb6, 0x02,
 0x00, 0x00, 0xf6, 0x04, 0x48, 0x02, 0x00, 0x00,
 0x24, 0x02, 0x00, 0xd5, 0x41, 0x9d, 0x01, 0x00,
 0x00, 0xcc, 0x04, 0xa4, 0x01, 0x00, 0x00, 0x9d,
 0x24, 0x01, 0x00, 0x0e, 0xcd, 0x41, 0xb7, 0x02,
 0x00, 0x00, 0x24, 0x00, 0x00, 0x0e, 0x0e, 0x29,
 0xd2, 0x6b, 0x06, 0x00, 0x00, 0x00, 0x0e, 0x29,
 0x30, 0x29, 0x0c, 0x43, 0x02, 0x01, 0xf0, 0x05,
 0x00, 0x01, 0x00, 0x04, 0x00, 0x04, 0x00, 0x2f,
 0x01, 0x92, 0x06, 0x00, 0x00, 0x00, 0xec, 0x03,
 0x00, 0x1a, 0xec, 0x05, 0x89, 0x01, 0x00, 0x92,
 0x04, 0x1c, 0x00, 0x94, 0x04, 0x1d, 0x00, 0x64,
 0x00, 0x00, 0x41, 0xb8, 0x02, 0x00, 0x00, 0xe5,
 0x04, 0xb6, 0x02, 0x00, 0x00, 0xf6, 0x24, 0x01,
 0x00, 0xd4, 0xf1, 0x1a, 0xcc, 0x41, 0x5a, 0x02,
 0x00, 0x00, 0x24, 0x00, 0x00, 0x41, 0x65, 0x00,
 0x00, 0x00, 0x04, 0xa4, 0x01, 0x00, 0x00, 0x24,
 0x01, 0x00, 0xee, 0xf0, 0xeb, 0x29, 0x0c, 0x43,
 0x02, 0x01, 0xf2, 0x05, 0x00, 0x02, 0x00, 0x04,
 0x00, 0x04, 0x02, 0x51, 0x02, 0xbc, 0x07, 0x00,
 0x00, 0x00, 0xf6, 0x06, 0x00, 0x01, 0x00, 0xec,
 0x03, 0x00, 0x1a, 0x80, 0x04, 0x13, 0x00, 0x82,
 0x04, 0x14, 0x00, 0x88, 0x04, 0x17, 0x00, 0x07,
 0x16, 0x28, 0x5c, 0x64, 0x2b, 0x29, 0x3b, 0x28,
 0x5c, 0x64, 0x2b, 0x29, 0x07, 0x76, 0x00, 0x00,
 0x03, 0x00, 0x33, 0x00, 0x00, 0x00, 0x0e, 0x06,
 0x00, 0x00, 0x00, 0x06, 0x0d, 0xf5, 0xff, 0xff,
 0xff, 0x13, 0x00, 0x13, 0x01, 0x24, 0x01, 0x00,
 0x30, 0x00, 0x39, 0x00, 0x0e, 0xf4, 0xff, 0xff,
 0xff, 0x14, 0x01, 0x01, 0x3b, 0x00, 0x13, 0x02,
 0x24, 0x01, 0x00, 0x30, 0x00, 0x39, 0x00, 0x0e,
 0xf4, 0xff, 0xff, 0xff, 0x14, 0x02, 0x14, 0x00,
 0x10, 0x64, 0x00, 0x00, 0x41, 0xab, 0x02, 0x00,
 0x00, 0x04, 0xb9, 0x02, 0x00, 0x00, 0x24, 0x01,
 0x00, 0xd5, 0xf1, 0x21, 0xcd, 0x41, 0xcb, 0x01,
 0x00, 0x00, 0xc5, 0x00, 0xc5, 0x01, 0x34, 0x24,
 0x01, 0x00, 0xd4, 0xf1, 0x10, 0xcc, 0xbd, 0x46,
 0x8d, 0xbb, 0xaf, 0xf1, 0x08, 0xe5, 0x40, 0x70,
 0x02, 0x00, 0x00, 0xea, 0x64, 0x00, 0x00, 0x41,
 0xab, 0x02, 0x00, 0x00, 0x04, 0xba, 0x02, 0x00,
 0x00, 0x24, 0x01, 0x00, 0xd5, 0xf1, 0x0b, 0xcd,
 0xbb, 0x46, 0x8d, 0xbb, 0xaf, 0xf1, 0x03, 0x09,
 0xeb, 0x29, 0xc6, 0x00, 0xc9, 0x35, 0xc6, 0x01,
 0xc9, 0x36, 0xc6, 0x02, 0xc9, 0x37, 0xc6, 0x03,
 0xc9, 0x38, 0xc6, 0x04, 0xc9, 0x39, 0xc6, 0x05,
 0xc9, 0x3a, 0xc6, 0x06, 0xc9, 0x3b, 0xc6, 0x07,
 0xc9, 0x3c, 0xc6, 0x08, 0xc9, 0x3d, 0xc6, 0x09,
 0xc9, 0x3e, 0xc6, 0x0a, 0xc9, 0x3f, 0xc6, 0x0b,
 0xc9, 0x40, 0xc6, 0x0c, 0xc9, 0x41, 0xc6, 0x0d,
 0xc9, 0x42, 0xc6, 0x0e, 0xc9, 0x43, 0xc6, 0x0f,
 0xc9, 0x44, 0xc6, 0x10, 0xc9, 0x45, 0xc6, 0x11,
 0xc9, 0x46, 0xc6, 0x12, 0xc9, 0x47, 0xc6, 0x13,
 0xc9, 0x48, 0xc6, 0x14, 0xc9, 0x49, 0xc6, 0x15,
 0xc9, 0x4a, 0xc6, 0x16, 0xc9, 0x4b, 0xc6, 0x17,
 0xc9, 0x4c, 0xc6, 0x18, 0xc9, 0x4d, 0xc6, 0x19,
 0xc9, 0x4e, 0xc6, 0x1a, 0xc9, 0x4f, 0xc6, 0x1b,
 0xc9, 0x50, 0xc6, 0x1c, 0xc9, 0x51, 0xc6, 0x1d,
 0xc9, 0x52, 0xc6, 0x1e, 0xc9, 0x53, 0xc6, 0x1f,
 0xc9, 0x54, 0xc6, 0x20, 0xc9, 0x55, 0xc6, 0x21,
 0xc9, 0x56, 0xc6, 0x22, 0xc9, 0x57, 0xc6, 0x23,
 0xc9, 0x58, 0xc6, 0x24, 0xc9, 0x59, 0xc6, 0x25,
 0xc9, 0x5a, 0xc6, 0x26, 0xc9, 0x5b, 0xc6, 0x27,
 0xc9, 0x5c, 0xc6, 0x28, 0xc9, 0x5d, 0xc6, 0x29,
 0xc9, 0x5e, 0xc6, 0x2a, 0xc9, 0x5f, 0xc6, 0x2b,
 0xc9, 0x60, 0xc6, 0x2c, 0xc9, 0x61, 0xc6, 0x2d,
 0xc9, 0x62, 0xc6, 0x2e, 0xc9, 0x63, 0xc6, 0x2f,
 0xc9, 0x64, 0xc6, 0x30, 0xc9, 0x65, 0xc6, 0x31,
 0xc9, 0x66, 0xc6, 0x32, 0xc9, 0x67, 0xc6, 0x33,
 0xc9, 0x68, 0xc6, 0x34, 0xc9, 0x69, 0xc6, 0x35,
 0xc9, 0x6a, 0xc6, 0x36, 0xc9, 0x6b, 0xc6, 0x37,
 0xc9, 0x6c, 0xc6, 0x38, 0xc9, 0x6e, 0xc6, 0x39,
 0xc9, 0x72, 0xc6, 0x3a, 0xc9, 0x73, 0xc6, 0x3b,
 0xc9, 0x74, 0xc6, 0x3c, 0xc9, 0x75, 0xc6, 0x3d,
 0xc9, 0x76, 0xc6, 0x3e, 0xc9, 0x77, 0xc6, 0x40,
 0xc9, 0x79, 0xc6, 0x41, 0xc9, 0x7a, 0xc6, 0x42,
 0xc9, 0x7b, 0xc6, 0x43, 0xc9, 0x7c, 0xc6, 0x44,
 0xc9, 0x7d, 0xc6, 0x45, 0xc9, 0x7e, 0xc6, 0x51,
 0xc9, 0x80, 0xc6, 0x52, 0xc9, 0x81, 0xc6, 0x53,
 0xc9, 0x82, 0xc6, 0x54, 0xc9, 0x83, 0xc6, 0x55,
 0xc9, 0x84, 0xc6, 0x56, 0xc9, 0x85, 0xc6, 0x57,
 0xc9, 0x86, 0xc6, 0x58, 0xc9, 0x87, 0xc6, 0x59,
 0xc9, 0x88, 0xc6, 0x5a, 0xc9, 0x89, 0xc6, 0x5b,
 0xc9, 0x8a, 0xc6, 0x5c, 0xc9, 0x8b, 0xc6, 0x5d,
 0xc9, 0x8c, 0xd8, 0x64, 0x02, 0x00, 0x42, 0xf8,
 0x00, 0x00, 0x00, 0xd8, 0x64, 0x01, 0x00, 0x42,
 0xf7, 0x00, 0x00, 0x00, 0xd8, 0x64, 0x00, 0x00,
 0x42, 0xf6, 0x00, 0x00, 0x00, 0xd8, 0x40, 0x9e,
 0x00, 0x00, 0x00, 0xd0, 0xd8, 0x40, 0xa2, 0x00,
 0x00, 0x00, 0xd1, 0xd8, 0x40, 0xa1, 0x00, 0x00,
 0x00, 0xd2, 0xd8, 0x40, 0xa3, 0x00, 0x00, 0x00,
 0xd3, 0xd8, 0x40, 0xbc, 0x00, 0x00, 0x00, 0xc9,
 0x04, 0xd8, 0x40, 0xb1, 0x00, 0x00, 0x00, 0xc9,
 0x05, 0xd8, 0x40, 0x9f, 0x00, 0x00, 0x00, 0xc9,
 0x06, 0xd8, 0x40, 0xa8, 0x00, 0x00, 0x00, 0xc9,
 0x07, 0xd8, 0x40, 0xac, 0x00, 0x00, 0x00, 0xc9,
 0x08, 0xd8, 0x40, 0xa0, 0x00, 0x00, 0x00, 0xc9,
 0x09, 0xd8, 0x40, 0xa4, 0x00, 0x00, 0x00, 0xc9,
 0x0a, 0xd8, 0x40, 0xa6, 0x00, 0x00, 0x00, 0xc9,
 0x0b, 0xd8, 0x40, 0xa7, 0x00, 0x00, 0x00, 0xc9,
 0x0c, 0xd8, 0x40, 0xfa, 0x00, 0x00, 0x00, 0xc9,
 0x0d, 0xd8, 0x40, 0xfb, 0x00, 0x00, 0x00, 0xc9,
 0x0e, 0xd8, 0x40, 0xfc, 0x00, 0x00, 0x00, 0xc9,
 0x0f, 0xd8, 0x40, 0xfd, 0x00, 0x00, 0x00, 0xc9,
 0x10, 0x04, 0xbb, 0x02, 0x00, 0x00, 0x04, 0xbc,
 0x02, 0x00, 0x00, 0x04, 0xbd, 0x02, 0x00, 0x00,
 0x04, 0xbe, 0x02, 0x00, 0x00, 0x04, 0xbf, 0x02,
 0x00, 0x00, 0x04, 0xc0, 0x02, 0x00, 0x00, 0x04,
 0xc1, 0x02, 0x00, 0x00, 0x04, 0xc2, 0x02, 0x00,
 0x00, 0x04, 0xc3, 0x02, 0x00, 0x00, 0x04, 0xc4,
 0x02, 0x00, 0x00, 0x04, 0xc5, 0x02, 0x00, 0x00,
 0x04, 0xc6, 0x02, 0x00, 0x00, 0x04, 0xc7, 0x02,
 0x00, 0x00, 0x04, 0x06, 0x00, 0x00, 0x00, 0x04,
 0xc8, 0x02, 0x00, 0x00, 0x04, 0x08, 0x00, 0x00,
 0x00, 0x04, 0xc9, 0x02, 0x00, 0x00, 0x04, 0xca,
 0x02, 0x00, 0x00, 0x04, 0xcb, 0x02, 0x00, 0x00,
 0x04, 0xcc, 0x02, 0x00, 0x00, 0x04, 0xcd, 0x02,
 0x00, 0x00, 0x26, 0x15, 0x00, 0xc9, 0x11, 0x0b,
 0x04, 0xce, 0x02, 0x00, 0x00, 0x4b, 0x9e, 0x01,
 0x00, 0x00, 0x04, 0xcf, 0x02, 0x00, 0x00, 0x4b,
 0xd0, 0x02, 0x00, 0x00, 0x04, 0xd1, 0x02, 0x00,
 0x00, 0x4b, 0xd2, 0x02, 0x00, 0x00, 0x04, 0xd3,
 0x02, 0x00, 0x00, 0x4b, 0xd4, 0x02, 0x00, 0x00,
 0x04, 0xd5, 0x02, 0x00, 0x00, 0x4b, 0xd6, 0x02,
 0x00, 0x00, 0x04, 0xd7, 0x02, 0x00, 0x00, 0x4b,
 0xd8, 0x02, 0x00, 0x00, 0x04, 0xd9, 0x02, 0x00,
 0x00, 0x4b, 0xda, 0x02, 0x00, 0x00, 0x04, 0xdb,
 0x02, 0x00, 0x00, 0x4b, 0xdc, 0x02, 0x00, 0x00,
 0x04, 0xdd, 0x02, 0x00, 0x00, 0x4b, 0xde, 0x02,
 0x00, 0x00, 0x04, 0xdf, 0x02, 0x00, 0x00, 0x4b,
 0xe0, 0x02, 0x00, 0x00, 0x04, 0xdf, 0x02, 0x00,
 0x00, 0x4b, 0xe1, 0x02, 0x00, 0x00, 0x04, 0xe2,
 0x02, 0x00, 0x00, 0x4b, 0xe3, 0x02, 0x00, 0x00,
 0x04, 0xe4, 0x02, 0x00, 0x00, 0x4b, 0xe5, 0x02,
 0x00, 0x00, 0x04, 0xe6, 0x02, 0x00, 0x00, 0x4b,
 0xe7, 0x02, 0x00, 0x00, 0x04, 0xe8, 0x02, 0x00,
 0x00, 0x4b, 0xe9, 0x02, 0x00, 0x00, 0x04, 0xea,
 0x02, 0x00, 0x00, 0x4b, 0xeb, 0x02, 0x00, 0x00,
 0x04, 0xec, 0x02, 0x00, 0x00, 0x4b, 0xed, 0x02,
 0x00, 0x00, 0x04, 0xee, 0x02, 0x00, 0x00, 0x4b,
 0xef, 0x02, 0x00, 0x00, 0xc9, 0x12, 0x0b, 0x0b,
 0x04, 0xdc, 0x02, 0x00, 0x00, 0x4b, 0x42, 0x02,
 0x00, 0x00, 0x04, 0xef, 0x02, 0x00, 0x00, 0x4b,
 0x4b, 0x00, 0x00, 0x00, 0x04, 0xde, 0x02, 0x00,
 0x00, 0x4b, 0x95, 0x02, 0x00, 0x00, 0x04, 0xda,
 0x02, 0x00, 0x00, 0x4b, 0x45, 0x02, 0x00, 0x00,
 0x04, 0xe5, 0x02, 0x00, 0x00, 0x4b, 0x16, 0x00,
 0x00, 0x00, 0x04, 0xe3, 0x02, 0x00, 0x00, 0x4b,
 0x37, 0x00, 0x00, 0x00, 0x04, 0xe7, 0x02, 0x00,
 0x00, 0x4b, 0x1b, 0x00, 0x00, 0x00, 0x04, 0xe5,
 0x02, 0x00, 0x00, 0x4b, 0x99, 0x02, 0x00, 0x00,
 0x04, 0xef, 0x02, 0x00, 0x00, 0x4b, 0x47, 0x02,
 0x00, 0x00, 0x04, 0xef, 0x02, 0x00, 0x00, 0x4b,
 0x01, 0x00, 0x00, 0x00, 0x04, 0xd4, 0x02, 0x00,
 0x00, 0x4b, 0x4a, 0x00, 0x00, 0x00, 0x04, 0xde,
 0x02, 0x00, 0x00, 0x4b, 0x44, 0x02, 0x00, 0x00,
 0x04, 0xde, 0x02, 0x00, 0x00, 0x4b, 0x3f, 0x02,
 0x00, 0x00, 0x04, 0xdc, 0x02, 0x00, 0x00, 0x4b,
 0x41, 0x02, 0x00, 0x00, 0x04, 0xed, 0x02, 0x00,
 0x00, 0x4b, 0x4c, 0x00, 0x00, 0x00, 0x04, 0xef,
 0x02, 0x00, 0x00, 0x4b, 0x4e, 0x00, 0x00, 0x00,
 0x04, 0xeb, 0x02, 0x00, 0x00, 0x4b, 0x18, 0x02,
 0x00, 0x00, 0x04, 0xef, 0x02, 0x00, 0x00, 0x4b,
 0x49, 0x00, 0x00, 0x00, 0x4b, 0x6d, 0x02, 0x00,
 0x00, 0x0b, 0x04, 0xdc, 0x02, 0x00, 0x00, 0x4b,
 0x42, 0x02, 0x00, 0x00, 0x04, 0xeb, 0x02, 0x00,
 0x00, 0x4b, 0x4b, 0x00, 0x00, 0x00, 0x04, 0xe1,
 0x02, 0x00, 0x00, 0x4b, 0x95, 0x02, 0x00, 0x00,
 0x04, 0xda, 0x02, 0x00, 0x00, 0x4b, 0x45, 0x02,
 0x00, 0x00, 0x04, 0xd0, 0x02, 0x00, 0x00, 0x4b,
 0x16, 0x00, 0x00, 0x00, 0x04, 0xd2, 0x02, 0x00,
 0x00, 0x4b, 0x37, 0x00, 0x00, 0x00, 0x04, 0xe7,
 0x02, 0x00, 0x00, 0x4b, 0x1b, 0x00, 0x00, 0x00,
 0x04, 0xd0, 0x02, 0x00, 0x00, 0x4b, 0x99, 0x02,
 0x00, 0x00, 0x04, 0xeb, 0x02, 0x00, 0x00, 0x4b,
 0x47, 0x02, 0x00, 0x00, 0x04, 0xeb, 0x02, 0x00,
 0x00, 0x4b, 0x01, 0x00, 0x00, 0x00, 0x04, 0xd4,
 0x02, 0x00, 0x00, 0x4b, 0x4a, 0x00, 0x00, 0x00,
 0x04, 0xd0, 0x02, 0x00, 0x00, 0x4b, 0x44, 0x02,
 0x00, 0x00, 0x04, 0xd0, 0x02, 0x00, 0x00, 0x4b,
 0x3f, 0x02, 0x00, 0x00, 0x04, 0xdc, 0x02, 0x00,
 0x00, 0x4b, 0x41, 0x02, 0x00, 0x00, 0x04, 0xed,
 0x02, 0x00, 0x00, 0x4b, 0x4c, 0x00, 0x00, 0x00,
 0x04, 0xe1, 0x02, 0x00, 0x00, 0x4b, 0x4e, 0x00,
 0x00, 0x00, 0x04, 0xeb, 0x02, 0x00, 0x00, 0x4b,
 0x18, 0x02, 0x00, 0x00, 0x04, 0xeb, 0x02, 0x00,
 0x00, 0x4b, 0x49, 0x00, 0x00, 0x00, 0x4b, 0x70,
 0x02, 0x00, 0x00, 0xca, 0x13, 0x40, 0x6d, 0x02,
 0x00, 0x00, 0xc9, 0x14, 0x0a, 0xc9, 0x15, 0x09,
 0xc9, 0x16, 0x0a, 0xc9, 0x17, 0x09, 0xc9, 0x18,
 0xbd, 0xc9, 0x19, 0x09, 0xc9, 0x1a, 0x09, 0xc9,
 0x1b, 0x26, 0x00, 0x00, 0xc9, 0x1c, 0xc7, 0xc9,
 0x1e, 0xc7, 0xc9, 0x1f, 0xc7, 0xc9, 0x20, 0xbb,
 0xc9, 0x21, 0x04, 0xf0, 0x02, 0x00, 0x00, 0xc9,
 0x22, 0x04, 0xf1, 0x02, 0x00, 0x00, 0xc9, 0x23,
 0xbb, 0xc9, 0x25, 0xc7, 0xc9, 0x26, 0xbb, 0xc9,
 0x27, 0xc7, 0xc9, 0x28, 0xbb, 0xc9, 0x29, 0xc7,
 0xc9, 0x2a, 0xbb, 0xc9, 0x2b, 0x09, 0xc9, 0x2e,
 0xbb, 0xc9, 0x2f, 0xbb, 0xc9, 0x30, 0xbb, 0xc9,
 0x34, 0x0b, 0xc8, 0x48, 0x4b, 0xf2, 0x02, 0x00,
 0x00, 0xc8, 0x4b, 0x4b, 0xf3, 0x02, 0x00, 0x00,
 0xc8, 0x66, 0x4b, 0xf4, 0x02, 0x00, 0x00, 0xc8,
 0x5a, 0x4b, 0xf5, 0x02, 0x00, 0x00, 0xc8, 0x49,
 0x4b, 0xf6, 0x02, 0x00, 0x00, 0xc8, 0x4a, 0x4b,
 0xf7, 0x02, 0x00, 0x00, 0xc8, 0x46, 0x4b, 0xf8,
 0x02, 0x00, 0x00, 0xc8, 0x5b, 0x4b, 0xf9, 0x02,
 0x00, 0x00, 0xc8, 0x6c, 0x4b, 0xa6, 0x02, 0x00,
 0x00, 0xc8, 0x51, 0x4b, 0xa4, 0x01, 0x00, 0x00,
 0xc8, 0x61, 0x4b, 0xfa, 0x02, 0x00, 0x00, 0xc8,
 0x50, 0x4b, 0xfb, 0x02, 0x00, 0x00, 0xc8, 0x51,
 0x4b, 0xa7, 0x02, 0x00, 0x00, 0xc8, 0x54, 0x4b,
 0xfc, 0x02, 0x00, 0x00, 0xc8, 0x53, 0x4b, 0xfd,
 0x02, 0x00, 0x00, 0xc8, 0x45, 0x4b, 0xfe, 0x02,
 0x00, 0x00, 0xc8, 0x47, 0x4b, 0xff, 0x02, 0x00,
 0x00, 0xc8, 0x47, 0x4b, 0x00, 0x03, 0x00, 0x00,
 0xc8, 0x5c, 0x4b, 0x01, 0x03, 0x00, 0x00, 0xc8,
 0x64, 0x4b, 0x02, 0x03, 0x00, 0x00, 0xc8, 0x67,
 0x4b, 0x03, 0x03, 0x00, 0x00, 0xc8, 0x65, 0x4b,
 0x04, 0x03, 0x00, 0x00, 0xc8, 0x53, 0x4b, 0x05,
 0x03, 0x00, 0x00, 0xc8, 0x54, 0x4b, 0x06, 0x03,
 0x00, 0x00, 0xc8, 0x4a, 0x4b, 0x07, 0x03, 0x00,
 0x00, 0xc8, 0x4b, 0x4b, 0x08, 0x03, 0x00, 0x00,
 0xc8, 0x4e, 0x4b, 0x09, 0x03, 0x00, 0x00, 0xc8,
 0x4f, 0x4b, 0x0a, 0x03, 0x00, 0x00, 0xc8, 0x4e,
 0x4b, 0x0b, 0x03, 0x00, 0x00, 0xc8, 0x4f, 0x4b,
 0x0c, 0x03, 0x00, 0x00, 0xc8, 0x48, 0x4b, 0x0d,
 0x03, 0x00, 0x00, 0xc8, 0x59, 0x4b, 0x0e, 0x03,
 0x00, 0x00, 0xc8, 0x49, 0x4b, 0x0f, 0x03, 0x00,
 0x00, 0xc8, 0x56, 0x4b, 0x10, 0x03, 0x00, 0x00,
 0xc8, 0x57, 0x4b, 0x11, 0x03, 0x00, 0x00, 0xc8,
 0x53, 0x4b, 0x12, 0x03, 0x00, 0x00, 0xc8, 0x54,
 0x4b, 0x13, 0x03, 0x00, 0x00, 0xc8, 0x4a, 0x4b,
 0x14, 0x03, 0x00, 0x00, 0xc8, 0x4b, 0x4b, 0x15,
 0x03, 0x00, 0x00, 0xc8, 0x49, 0x4b, 0x16, 0x03,
 0x00, 0x00, 0xc8, 0x48, 0x4b, 0x17, 0x03, 0x00,
 0x00, 0xc8, 0x64, 0x4b, 0x18, 0x03, 0x00, 0x00,
 0xc8, 0x4f, 0x4b, 0x19, 0x03, 0x00, 0x00, 0xc8,
 0x63, 0x4b, 0x1a, 0x03, 0x00, 0x00, 0xc8, 0x4e,
 0x4b, 0x1b, 0x03, 0x00, 0x00, 0xc8, 0x62, 0x4b,
 0x1c, 0x03, 0x00, 0x00, 0xc8, 0x5f, 0x4b, 0x1d,
 0x03, 0x00, 0x00, 0xc8, 0x5d, 0x4b, 0x1e, 0x03,
 0x00, 0x00, 0xc8, 0x5e, 0x4b, 0x1f, 0x03, 0x00,
 0x00, 0xc8, 0x5b, 0x4b, 0x20, 0x03, 0x00, 0x00,
 0xc9, 0x6d, 0x0b, 0xca, 0x78, 0xc6, 0x3f, 0x42,
 0x56, 0x02, 0x00, 0x00, 0xcc, 0x41, 0x68, 0x00,
 0x00, 0x00, 0x0b, 0xc8, 0x7b, 0x4b, 0x68, 0x01,
 0x00, 0x00, 0xc8, 0x7c, 0x4b, 0x69, 0x01, 0x00,
 0x00, 0xc6, 0x46, 0x4c, 0x21, 0x03, 0x00, 0x00,
 0x4b, 0x21, 0x03, 0x00, 0x00, 0xc6, 0x47, 0x4c,
 0x22, 0x03, 0x00, 0x00, 0x4b, 0x22, 0x03, 0x00,
 0x00, 0xc6, 0x48, 0x4c, 0x23, 0x03, 0x00, 0x00,
 0x4b, 0x23, 0x03, 0x00, 0x00, 0xc6, 0x49, 0x4c,
 0x24, 0x03, 0x00, 0x00, 0x4b, 0x24, 0x03, 0x00,
 0x00, 0xc6, 0x4a, 0x4c, 0x55, 0x02, 0x00, 0x00,
 0x4b, 0x55, 0x02, 0x00, 0x00, 0xc6, 0x4b, 0x4c,
 0x25, 0x03, 0x00, 0x00, 0x4b, 0x25, 0x03, 0x00,
 0x00, 0xc6, 0x4c, 0x4c, 0x3e, 0x02, 0x00, 0x00,
 0x4b, 0x3e, 0x02, 0x00, 0x00, 0xc6, 0x4d, 0x4c,
 0x6d, 0x02, 0x00, 0x00, 0x4b, 0x6d, 0x02, 0x00,
 0x00, 0xc6, 0x4e, 0x4c, 0x70, 0x02, 0x00, 0x00,
 0x4b, 0x70, 0x02, 0x00, 0x00, 0xc6, 0x4f, 0x4c,
 0xb0, 0x01, 0x00, 0x00, 0x4b, 0xb0, 0x01, 0x00,
 0x00, 0xc6, 0x50, 0x4c, 0x26, 0x03, 0x00, 0x00,
 0x4b, 0x26, 0x03, 0x00, 0x00, 0x07, 0x24, 0x02,
 0x00, 0xc9, 0x7f, 0xc8, 0x8c, 0xf5, 0x0e, 0xc8,
 0x8b, 0xf5, 0x0e, 0xc8, 0x35, 0xf5, 0x0e, 0xc8,
 0x80, 0xf5, 0x29, 0x08, 0xf1, 0x02, 0x29, 0xc6,
 0x00, 0x38, 0x95, 0x00, 0x00, 0x00, 0xf6, 0x0e,
 0x06, 0x2f,
};

